,mean_fit_time,std_fit_time,mean_score_time,std_score_time,param_max_features,param_max_samples,param_min_samples_leaf,param_n_estimators,params,split0_test_score,split1_test_score,split2_test_score,split3_test_score,split4_test_score,mean_test_score,std_test_score,rank_test_score
0,0.09164848327636718,0.009286276757202063,0.004124593734741211,0.004520742444852795,12,60,2,20,"{'max_features': 12, 'max_samples': 60, 'min_samples_leaf': 2, 'n_estimators': 20}",-957.6248188688296,-1167.1203283052048,-2416.3149775616716,-2970.3805343097147,-1731.8655659266424,-1848.6612449944128,755.3237833634907,294
1,0.10998063087463379,0.027578890567982184,0.00827946662902832,0.003526612732181347,12,60,2,22,"{'max_features': 12, 'max_samples': 60, 'min_samples_leaf': 2, 'n_estimators': 22}",-919.4965053915834,-1174.7627574809972,-2346.83994092352,-2900.7756088893125,-1659.2028399206629,-1800.2155305212152,734.4075821483127,255
2,0.10964527130126953,0.016342577069735183,0.00601344108581543,0.003669880654344118,12,60,2,24,"{'max_features': 12, 'max_samples': 60, 'min_samples_leaf': 2, 'n_estimators': 24}",-931.0679952325212,-1216.678144869427,-2335.376454258998,-2903.4642689114726,-1666.7332838203379,-1810.6640294185513,723.4307107312464,268
3,0.09887328147888183,0.006740957805492364,0.005944585800170899,0.002902637405628276,12,60,2,26,"{'max_features': 12, 'max_samples': 60, 'min_samples_leaf': 2, 'n_estimators': 26}",-950.2213733839986,-1244.575950973624,-2332.69369288942,-2878.573110871144,-1640.1396536442535,-1809.240756352488,707.5069592415053,266
4,0.10249414443969726,0.003096373229936055,0.006924676895141602,0.003215330885602813,12,60,2,28,"{'max_features': 12, 'max_samples': 60, 'min_samples_leaf': 2, 'n_estimators': 28}",-944.0015372204944,-1191.40329207828,-2267.3751148048827,-2836.967905539786,-1650.9131377147703,-1778.1321974716425,695.2267464362169,221
5,0.11011314392089844,0.00405289385412062,0.0039711475372314455,0.002581228888693716,12,60,2,30,"{'max_features': 12, 'max_samples': 60, 'min_samples_leaf': 2, 'n_estimators': 30}",-963.7968466422008,-1195.6402621335974,-2275.6311960120165,-2775.964274452326,-1705.7705724614593,-1783.36063034032,670.9266052210829,231
6,0.11264524459838868,0.00545000914007894,0.006007528305053711,0.003058367606702349,12,60,2,32,"{'max_features': 12, 'max_samples': 60, 'min_samples_leaf': 2, 'n_estimators': 32}",-1007.1379423374858,-1189.9914430062252,-2298.1432608210152,-2774.0533183016223,-1641.833437984771,-1782.2318804902238,666.499120519661,229
7,0.12103123664855957,0.002947285129844472,0.008136558532714843,0.002101495144022288,12,60,2,34,"{'max_features': 12, 'max_samples': 60, 'min_samples_leaf': 2, 'n_estimators': 34}",-952.3332752307535,-1175.5857304822407,-2263.8926236513594,-2682.680477537887,-1655.4417053806756,-1745.9867624565836,649.4710462147965,170
8,0.13127360343933106,0.005444362325605053,0.007465887069702149,0.0017167237988283425,12,60,2,36,"{'max_features': 12, 'max_samples': 60, 'min_samples_leaf': 2, 'n_estimators': 36}",-920.1278124292776,-1123.8659113536914,-2271.9123867552125,-2688.3207178170433,-1651.6886648483826,-1731.1830986407215,669.5468308247068,130
9,0.13708181381225587,0.0046786580001084675,0.005486583709716797,0.004627046259667221,12,60,2,38,"{'max_features': 12, 'max_samples': 60, 'min_samples_leaf': 2, 'n_estimators': 38}",-937.9949530779131,-1112.0149668162576,-2304.695762052517,-2652.043433587004,-1664.3615522845575,-1734.2221335636495,662.3950606232733,141
10,0.14139165878295898,0.003565956065480999,0.007410097122192383,0.002349265801291136,12,60,2,40,"{'max_features': 12, 'max_samples': 60, 'min_samples_leaf': 2, 'n_estimators': 40}",-959.7347879206798,-1099.4948797267796,-2296.411434060273,-2649.883193862587,-1631.0701052770444,-1727.3188801694728,658.422871514586,117
11,0.14313316345214844,0.003633322667669604,0.007906103134155273,0.002259209129415035,12,60,2,42,"{'max_features': 12, 'max_samples': 60, 'min_samples_leaf': 2, 'n_estimators': 42}",-1003.8845095534123,-1095.272143519046,-2269.74559817088,-2629.86820897052,-1634.7763616680722,-1726.709364376386,638.7839480455314,116
12,0.1532291889190674,0.004625293226260357,0.009372377395629882,0.0011313500818599623,12,60,2,44,"{'max_features': 12, 'max_samples': 60, 'min_samples_leaf': 2, 'n_estimators': 44}",-1001.6387959400072,-1097.497268444466,-2290.369566289087,-2581.9900164232145,-1691.5979810439578,-1732.6187256281469,627.9986010100828,135
13,0.16157183647155762,0.0058137736867502525,0.010375308990478515,0.001264427262704924,12,60,2,46,"{'max_features': 12, 'max_samples': 60, 'min_samples_leaf': 2, 'n_estimators': 46}",-1023.3611206325073,-1124.5651245601273,-2302.519005650417,-2583.891420154196,-1703.806217921117,-1747.6285777836729,619.9888295643323,178
14,0.17021522521972657,0.004459002336878516,0.009218358993530273,0.0034312695032461074,12,60,2,48,"{'max_features': 12, 'max_samples': 60, 'min_samples_leaf': 2, 'n_estimators': 48}",-1002.2134675373991,-1163.9304492768238,-2349.875364226843,-2511.865236793925,-1706.341029362805,-1746.8451094395593,607.4220356726473,176
15,0.07252426147460937,0.006228652778613184,0.006874799728393555,0.0018809126300426036,12,61,2,20,"{'max_features': 12, 'max_samples': 61, 'min_samples_leaf': 2, 'n_estimators': 20}",-993.925981777031,-1200.4568380816268,-2506.204616093564,-2874.4494923917646,-1711.6932812115688,-1857.3460419111111,728.5230581551701,296
16,0.07804951667785645,0.002253479668399222,0.006387519836425781,0.003812031155170437,12,61,2,22,"{'max_features': 12, 'max_samples': 61, 'min_samples_leaf': 2, 'n_estimators': 22}",-958.8947706528576,-1201.5054600456428,-2429.408103995061,-2714.4754869926883,-1648.5972508477266,-1790.5762145067954,681.2565526527014,243
17,0.08840932846069335,0.0046754548317568655,0.00685577392578125,0.004034603706041025,12,61,2,24,"{'max_features': 12, 'max_samples': 61, 'min_samples_leaf': 2, 'n_estimators': 24}",-961.8833352823374,-1243.7271906548626,-2425.534766351892,-2726.8473038936436,-1641.207928804991,-1799.840104997545,676.3776230459379,254
18,0.09057531356811524,0.005045172992756306,0.0075800418853759766,0.0031384281365498382,12,61,2,26,"{'max_features': 12, 'max_samples': 61, 'min_samples_leaf': 2, 'n_estimators': 26}",-970.4519478551472,-1316.6118977494048,-2394.1764777284834,-2716.8864592894042,-1611.5923239184965,-1801.9438213081871,655.8992383482207,257
19,0.10397696495056152,0.005276241026551536,0.007067441940307617,0.006825180039825685,12,61,2,28,"{'max_features': 12, 'max_samples': 61, 'min_samples_leaf': 2, 'n_estimators': 28}",-965.4295943196175,-1256.1690691879776,-2403.510674937868,-2705.5910801110667,-1615.9542803873653,-1789.3309397887792,664.8133369848799,242
20,0.13378548622131348,0.02223366922688975,0.007393455505371094,0.0019096789346491566,12,61,2,30,"{'max_features': 12, 'max_samples': 61, 'min_samples_leaf': 2, 'n_estimators': 30}",-970.7392442189572,-1272.6115624936854,-2415.209890836209,-2693.309244480533,-1697.7575568531643,-1809.92549977651,656.0880307706498,267
21,0.17706475257873536,0.03104287379428838,0.008248710632324218,0.002269553011110024,12,61,2,32,"{'max_features': 12, 'max_samples': 61, 'min_samples_leaf': 2, 'n_estimators': 32}",-1037.805975675719,-1223.3848313986557,-2418.8636117433675,-2671.020441719828,-1635.7570226753887,-1797.3663766425918,645.2960001350013,252
22,0.18112764358520508,0.04934587940892211,0.005465507507324219,0.0024229185454889,12,61,2,34,"{'max_features': 12, 'max_samples': 61, 'min_samples_leaf': 2, 'n_estimators': 34}",-979.5011311970251,-1226.1034779871354,-2372.9611230555465,-2585.679161460846,-1653.92636266212,-1763.6342512725346,626.5583730339716,201
23,0.14261465072631835,0.010158232011407486,0.011293888092041016,0.0036868210774130667,12,61,2,36,"{'max_features': 12, 'max_samples': 61, 'min_samples_leaf': 2, 'n_estimators': 36}",-950.3096252679146,-1169.9786975125853,-2381.439473144562,-2562.03464544853,-1648.969251385265,-1742.5463385517712,639.3707699375803,164
24,0.14071192741394042,0.00783733389524288,0.00780792236328125,0.003991817839572289,12,61,2,38,"{'max_features': 12, 'max_samples': 61, 'min_samples_leaf': 2, 'n_estimators': 38}",-970.8578014609199,-1138.3765800245312,-2382.9147018179583,-2513.5497406691334,-1645.473824219307,-1730.23452963837,628.2845457259425,126
25,0.15055060386657715,0.004546864326129048,0.009972333908081055,0.0015824230024642707,12,61,2,40,"{'max_features': 12, 'max_samples': 61, 'min_samples_leaf': 2, 'n_estimators': 40}",-996.5256416437285,-1120.1801153280155,-2344.9048383765034,-2527.598100528937,-1614.0724794444945,-1720.6562350643358,622.4368685481252,99
26,0.1579434394836426,0.0034941517039749604,0.009236860275268554,0.0014085751041485288,12,61,2,42,"{'max_features': 12, 'max_samples': 61, 'min_samples_leaf': 2, 'n_estimators': 42}",-1021.3051769752849,-1121.2929341319757,-2314.5123230556196,-2512.0277962681425,-1620.2583274975905,-1717.8793115857225,606.1853600022063,94
27,0.1610708713531494,0.007655907556042943,0.009812450408935547,0.0013752327179288348,12,61,2,44,"{'max_features': 12, 'max_samples': 61, 'min_samples_leaf': 2, 'n_estimators': 44}",-1020.1384747204369,-1123.0500554832022,-2331.2108474624238,-2477.0080085323425,-1677.687879097309,-1725.819053059143,599.0686479103776,114
28,0.17490901947021484,0.011625221663948275,0.008608102798461914,0.002792796266891913,12,61,2,46,"{'max_features': 12, 'max_samples': 61, 'min_samples_leaf': 2, 'n_estimators': 46}",-1041.4291887741902,-1143.3937644895307,-2304.045253104913,-2482.629513190698,-1689.4175074666878,-1732.183045405204,585.8052380465534,133
29,0.17887845039367675,0.006129303001025582,0.010198640823364257,0.0010632589265360268,12,61,2,48,"{'max_features': 12, 'max_samples': 61, 'min_samples_leaf': 2, 'n_estimators': 48}",-1026.3993962267064,-1213.8057450467857,-2350.4053222218545,-2395.6533677823777,-1689.3501523733423,-1735.1227967302134,564.0972758733102,143
30,0.0773388385772705,0.0034513910441809625,0.0043299198150634766,0.003775004102893963,12,62,2,20,"{'max_features': 12, 'max_samples': 62, 'min_samples_leaf': 2, 'n_estimators': 20}",-969.4596205469379,-1073.5814037356504,-2416.481540519663,-2609.452467201899,-1781.09491436003,-1770.013989272836,670.6125085961116,208
31,0.07865848541259765,0.004002753976271398,0.0056286811828613285,0.00478797792227734,12,62,2,22,"{'max_features': 12, 'max_samples': 62, 'min_samples_leaf': 2, 'n_estimators': 22}",-955.153566436176,-1080.658247702896,-2371.0654219867415,-2475.857470451241,-1733.2373520213162,-1723.194411719674,630.7263826203432,106
32,0.11289544105529785,0.01730611797906495,0.004921531677246094,0.0042788116628371545,12,62,2,24,"{'max_features': 12, 'max_samples': 62, 'min_samples_leaf': 2, 'n_estimators': 24}",-968.0673703889518,-1128.4262573875587,-2372.39751097482,-2499.072411601529,-1716.5461908125676,-1736.9019482330855,623.9426346699787,147
33,0.11007003784179688,0.017014859626743307,0.009032678604125977,0.004514059994030176,12,62,2,26,"{'max_features': 12, 'max_samples': 62, 'min_samples_leaf': 2, 'n_estimators': 26}",-957.547370938975,-1211.9174686406914,-2332.292193075574,-2496.076772253705,-1708.3362230149585,-1741.2340055847806,602.4218430792928,157
34,0.11226086616516114,0.008306441674184574,0.006585597991943359,0.0030589485500566436,12,62,2,28,"{'max_features': 12, 'max_samples': 62, 'min_samples_leaf': 2, 'n_estimators': 28}",-950.6900597173606,-1165.4359811021598,-2317.3204496406624,-2509.3477803809087,-1721.9236876711798,-1732.9435917024543,612.9284935403884,137
35,0.11230201721191406,0.004259295843325496,0.006124258041381836,0.0031279164705154405,12,62,2,30,"{'max_features': 12, 'max_samples': 62, 'min_samples_leaf': 2, 'n_estimators': 30}",-959.4011927978452,-1152.0855605180384,-2309.4139489621202,-2515.1208322998577,-1796.7880812526132,-1746.5619231660949,613.6826586907669,174
36,0.11936774253845214,0.0050983310628683045,0.00820317268371582,0.0048210396270224965,12,62,2,32,"{'max_features': 12, 'max_samples': 62, 'min_samples_leaf': 2, 'n_estimators': 32}",-1007.8203265398924,-1157.703610060946,-2353.4489131104474,-2545.750134213721,-1727.1387533654301,-1758.3723474580875,616.3094520864361,196
37,0.12069492340087891,0.006394195399823725,0.008632230758666991,0.005223545724636171,12,62,2,34,"{'max_features': 12, 'max_samples': 62, 'min_samples_leaf': 2, 'n_estimators': 34}",-974.8825117347917,-1184.3207390090115,-2315.422777158177,-2493.975262781335,-1730.1799280384905,-1739.7562437443612,598.9775318041792,153
38,0.13047413825988768,0.005322540212396871,0.009289884567260742,0.003367585271103323,12,62,2,36,"{'max_features': 12, 'max_samples': 62, 'min_samples_leaf': 2, 'n_estimators': 36}",-952.2464091603804,-1143.2703352721771,-2335.7103292239744,-2450.578170470888,-1734.791963929461,-1723.319441611376,605.8168145305503,107
39,0.13411903381347656,0.0035603554017038823,0.008768224716186523,0.0017733057039692594,12,62,2,38,"{'max_features': 12, 'max_samples': 62, 'min_samples_leaf': 2, 'n_estimators': 38}",-972.2560193810277,-1110.7446863075274,-2338.976152871569,-2415.0793365000936,-1724.329142773305,-1712.2770675667045,599.383079961025,78
40,0.14104599952697755,0.002796962743307501,0.007666969299316406,0.002950997219454235,12,62,2,40,"{'max_features': 12, 'max_samples': 62, 'min_samples_leaf': 2, 'n_estimators': 40}",-1009.5231855771302,-1092.3805936004378,-2326.290832025291,-2435.6328590391518,-1678.2772603787457,-1708.4209461241512,596.5689900781772,67
41,0.15249147415161132,0.0042147458566263885,0.010592412948608399,0.0015474464777166914,12,62,2,42,"{'max_features': 12, 'max_samples': 62, 'min_samples_leaf': 2, 'n_estimators': 42}",-1010.0669880636842,-1092.8823028403972,-2303.672279778616,-2433.4384144471796,-1674.0721033525726,-1702.82641769649,591.1994419759519,55
42,0.15805525779724122,0.004140785050116583,0.008766508102416993,0.002927698981529854,12,62,2,44,"{'max_features': 12, 'max_samples': 62, 'min_samples_leaf': 2, 'n_estimators': 44}",-1018.4741856464876,-1104.2166445744917,-2320.768113220941,-2405.8902012255485,-1729.188800012776,-1715.707588936049,583.5559292999591,88
43,0.15725922584533691,0.005592898968706207,0.012871122360229493,0.0027125916252147895,12,62,2,46,"{'max_features': 12, 'max_samples': 62, 'min_samples_leaf': 2, 'n_estimators': 46}",-1037.5593956202179,-1126.4282890179595,-2292.398694854503,-2410.587424644041,-1735.7061561941525,-1720.5359920661747,569.7102875035586,98
44,0.1712340831756592,0.004297823640468031,0.008054971694946289,0.002274655121750862,12,62,2,48,"{'max_features': 12, 'max_samples': 62, 'min_samples_leaf': 2, 'n_estimators': 48}",-1025.3708012066277,-1193.5611402941863,-2324.51445641141,-2329.0420777909667,-1735.3399639541592,-1721.5656879314697,547.0357639049976,104
45,0.07190184593200684,0.0013896194549026175,0.004637432098388672,0.0033875070219064585,12,63,2,20,"{'max_features': 12, 'max_samples': 63, 'min_samples_leaf': 2, 'n_estimators': 20}",-1048.854579691219,-1137.1608727693817,-2486.2747698335834,-2793.922424961572,-1856.1470158896445,-1864.4719326290801,699.2566530965581,298
46,0.08904824256896973,0.020933507464751682,0.00655832290649414,0.004922126602503123,12,63,2,22,"{'max_features': 12, 'max_samples': 63, 'min_samples_leaf': 2, 'n_estimators': 22}",-1025.4084287856952,-1128.315431808171,-2444.554889373333,-2641.5767960017915,-1793.5825728438892,-1806.6876237625759,659.4956151697075,264
47,0.11484270095825196,0.024455968565075103,0.011543464660644532,0.008335677103580146,12,63,2,24,"{'max_features': 12, 'max_samples': 63, 'min_samples_leaf': 2, 'n_estimators': 24}",-1010.4889491266564,-1156.8756883697379,-2434.5882349480135,-2653.7393135888337,-1777.349235723422,-1806.608284351333,658.6052434007144,263
48,0.13221845626831055,0.013762289963535667,0.01640739440917969,0.011534909624948063,12,63,2,26,"{'max_features': 12, 'max_samples': 63, 'min_samples_leaf': 2, 'n_estimators': 26}",-1005.817908543241,-1198.3206390561113,-2392.692915154893,-2636.5420622951383,-1761.9799301849416,-1799.0706910468648,639.5736031252973,253
49,0.1293637275695801,0.01716851733284058,0.007805776596069336,0.0021761037400600484,12,63,2,28,"{'max_features': 12, 'max_samples': 63, 'min_samples_leaf': 2, 'n_estimators': 28}",-1023.943631569269,-1166.8913362259739,-2376.7933111644693,-2635.2412466878045,-1773.0410466568944,-1795.182114460882,637.8117678689086,248
50,0.13944263458251954,0.0072647633448020285,0.0059029579162597655,0.00048736859501689146,12,63,2,30,"{'max_features': 12, 'max_samples': 63, 'min_samples_leaf': 2, 'n_estimators': 30}",-1033.717451597676,-1157.007999324951,-2362.838004835347,-2627.313006142169,-1841.2538596703318,-1804.4260643140951,633.0031623061966,260
51,0.13461408615112305,0.011780865722299584,0.006906032562255859,0.002339499103583039,12,63,2,32,"{'max_features': 12, 'max_samples': 63, 'min_samples_leaf': 2, 'n_estimators': 32}",-1067.778331493499,-1157.187107002986,-2380.657808634659,-2654.8244157579384,-1769.4363822337189,-1805.9768090245602,635.295330258034,261
52,0.13410725593566894,0.010076962565797504,0.010320806503295898,0.0034500599391867077,12,63,2,34,"{'max_features': 12, 'max_samples': 63, 'min_samples_leaf': 2, 'n_estimators': 34}",-1031.9314042112012,-1180.4119759854657,-2342.9230077358507,-2598.317586317684,-1772.23439338048,-1785.1636735261363,617.3435663043718,235
53,0.13924083709716797,0.012947878526683101,0.011420440673828126,0.006253511605719548,12,63,2,36,"{'max_features': 12, 'max_samples': 63, 'min_samples_leaf': 2, 'n_estimators': 36}",-1001.463340636579,-1104.1089666302296,-2337.3209928099927,-2584.9499000204273,-1774.7046253980757,-1760.5095650990606,635.5513677526088,199
54,0.15228285789489746,0.010140288549759175,0.011639690399169922,0.006062415703464661,12,63,2,38,"{'max_features': 12, 'max_samples': 63, 'min_samples_leaf': 2, 'n_estimators': 38}",-1015.4565706457972,-1073.5456287868406,-2344.6195472324266,-2534.4040919953572,-1763.2369611696527,-1746.2525599660148,627.0744376926468,171
55,0.15439538955688475,0.0054362401868824455,0.006470012664794922,0.004026768202608607,12,63,2,40,"{'max_features': 12, 'max_samples': 63, 'min_samples_leaf': 2, 'n_estimators': 40}",-1041.5804979531338,-1074.6083702390777,-2311.8523326793356,-2550.527757365174,-1712.4258448986216,-1738.1989606270683,618.9103768658181,151
56,0.16455917358398436,0.0109419372675449,0.011074352264404296,0.0011118116559728209,12,63,2,42,"{'max_features': 12, 'max_samples': 63, 'min_samples_leaf': 2, 'n_estimators': 42}",-1036.49316412673,-1059.2294673804709,-2301.659338111448,-2552.580093434788,-1702.7722988347534,-1730.5468723776382,622.1024192466384,127
57,0.16173405647277833,0.003004108975223122,0.007727861404418945,0.0020820698455316267,12,63,2,44,"{'max_features': 12, 'max_samples': 63, 'min_samples_leaf': 2, 'n_estimators': 44}",-1040.8646054879305,-1107.0672593641216,-2319.783718665723,-2525.8160770284444,-1742.5823691424553,-1747.222805937735,607.0907749878821,177
58,0.16986560821533203,0.009911778275807364,0.007096004486083984,0.0037719548007346102,12,63,2,46,"{'max_features': 12, 'max_samples': 63, 'min_samples_leaf': 2, 'n_estimators': 46}",-1033.1749409670697,-1134.3686591811918,-2291.5569221755927,-2525.1116419042473,-1747.0789583977476,-1746.2582245251695,597.8060887099174,172
59,0.18682589530944824,0.00844234295592577,0.010137939453125,0.005330659015096339,12,63,2,48,"{'max_features': 12, 'max_samples': 63, 'min_samples_leaf': 2, 'n_estimators': 48}",-1021.6281390773047,-1198.1518021854981,-2320.334371357114,-2430.505504803611,-1745.4929639925704,-1743.2225562832195,569.7756897396267,166
60,0.07876262664794922,0.004302024956527502,0.004029273986816406,0.0036108994740222523,12,64,2,20,"{'max_features': 12, 'max_samples': 64, 'min_samples_leaf': 2, 'n_estimators': 20}",-1062.9080334035975,-1236.1487372119761,-2435.8338448884283,-2707.2273041894537,-1811.9035022332234,-1850.8042843853357,644.3314659935447,295
61,0.08399481773376465,0.004485961213852627,0.005414438247680664,0.00408068693383089,12,64,2,22,"{'max_features': 12, 'max_samples': 64, 'min_samples_leaf': 2, 'n_estimators': 22}",-1035.7780984252518,-1212.5410157952451,-2395.430203723163,-2573.8409589932353,-1748.0562984203239,-1793.129315071444,613.9987372735623,246
62,0.09517230987548828,0.00639183683725976,0.004901313781738281,0.003661879823488798,12,64,2,24,"{'max_features': 12, 'max_samples': 64, 'min_samples_leaf': 2, 'n_estimators': 24}",-1031.8285171329896,-1254.9276559810842,-2385.029752323043,-2599.8791116451707,-1695.1495875454598,-1793.3629249255496,613.1934518270679,247
63,0.10144810676574707,0.0025040838129759464,0.007979202270507812,0.002639268159096914,12,64,2,26,"{'max_features': 12, 'max_samples': 64, 'min_samples_leaf': 2, 'n_estimators': 26}",-1011.5080445277335,-1281.7951715056015,-2349.6954030232946,-2586.117995346402,-1681.466333511146,-1782.1165895828356,603.7969021255943,227
64,0.10504713058471679,0.0030502625788443997,0.004329156875610351,0.003894450241381345,12,64,2,28,"{'max_features': 12, 'max_samples': 64, 'min_samples_leaf': 2, 'n_estimators': 28}",-1034.8784085610991,-1306.1484070870506,-2265.820600015949,-2595.945930264481,-1693.8561669856892,-1779.329902582854,581.1969458734725,224
65,0.11653623580932618,0.004596702396121061,0.001485443115234375,0.0021221749105397995,12,64,2,30,"{'max_features': 12, 'max_samples': 64, 'min_samples_leaf': 2, 'n_estimators': 30}",-1045.3383491244415,-1287.951813938349,-2258.9255917636824,-2599.5836968008416,-1763.9566533388072,-1791.1512209932243,580.0968811337607,244
66,0.11643257141113281,0.0070864500765583024,0.007859420776367188,0.0035844175722432015,12,64,2,32,"{'max_features': 12, 'max_samples': 64, 'min_samples_leaf': 2, 'n_estimators': 32}",-1075.3037442688287,-1283.689222112863,-2256.358703309657,-2627.821750359367,-1696.9273894647326,-1788.0201619030897,582.2748456401206,240
67,0.12030439376831055,0.00566470613538618,0.007929754257202149,0.005862218564105097,12,64,2,34,"{'max_features': 12, 'max_samples': 64, 'min_samples_leaf': 2, 'n_estimators': 34}",-1040.68514683711,-1329.0460046986743,-2239.112027926207,-2579.178481318731,-1703.6511095303727,-1778.3345540622188,566.6094495682199,222
68,0.13095602989196778,0.002834444403488319,0.007572746276855469,0.003830445359161196,12,64,2,36,"{'max_features': 12, 'max_samples': 64, 'min_samples_leaf': 2, 'n_estimators': 36}",-1009.9375150186295,-1234.6481172692397,-2238.671660349416,-2573.7320923318416,-1707.506963890477,-1752.899269771921,588.6218184146325,185
69,0.13720855712890626,0.0033250721433690507,0.006462907791137696,0.0034357998688569163,12,64,2,38,"{'max_features': 12, 'max_samples': 64, 'min_samples_leaf': 2, 'n_estimators': 38}",-1027.1140998821218,-1195.0610145681599,-2260.558467801752,-2522.770581787343,-1708.5065478247957,-1742.8021423728344,581.3481373605127,165
70,0.1415496826171875,0.003331869698801074,0.00907902717590332,0.002176426292402836,12,64,2,40,"{'max_features': 12, 'max_samples': 64, 'min_samples_leaf': 2, 'n_estimators': 40}",-1051.3812081105002,-1174.519079620223,-2239.5746480554035,-2539.1357507790754,-1658.5771564675863,-1732.6375686065578,581.1223522595941,136
71,0.15362420082092285,0.008446748707928352,0.005108833312988281,0.0036123836122383493,12,64,2,42,"{'max_features': 12, 'max_samples': 64, 'min_samples_leaf': 2, 'n_estimators': 42}",-1046.4358311865917,-1152.5163342037858,-2224.089164824185,-2519.907840086757,-1634.5791991009216,-1715.505673880448,579.1166648560733,87
72,0.1580798625946045,0.004512859901746534,0.011988067626953125,0.004456777136136239,12,64,2,44,"{'max_features': 12, 'max_samples': 64, 'min_samples_leaf': 2, 'n_estimators': 44}",-1049.7387002784294,-1202.0227681664041,-2244.6806416872723,-2482.789810071612,-1683.0403500531515,-1732.454454051374,561.2983415811065,134
73,0.16852083206176757,0.007702534274061485,0.011105632781982422,0.002025059216525321,12,64,2,46,"{'max_features': 12, 'max_samples': 64, 'min_samples_leaf': 2, 'n_estimators': 46}",-1047.265179564117,-1228.7109571206838,-2222.7566208654234,-2484.4515586548173,-1691.166743780416,-1734.8702119970912,553.3196559447359,142
74,0.18246107101440429,0.0055877325667617475,0.00902090072631836,0.0023224490369632665,12,64,2,48,"{'max_features': 12, 'max_samples': 64, 'min_samples_leaf': 2, 'n_estimators': 48}",-1034.4514065293083,-1276.4432272801005,-2237.0447671315246,-2400.232834709837,-1697.3379668130024,-1729.1020404927544,528.5585714588913,120
75,0.0771986961364746,0.002375729816640363,0.002762317657470703,0.00225571088391195,12,65,2,20,"{'max_features': 12, 'max_samples': 65, 'min_samples_leaf': 2, 'n_estimators': 20}",-1108.4154580379632,-1288.6078895581002,-2463.953420109877,-2781.197098388103,-1813.0320538894725,-1891.041183996703,648.4011578914501,300
76,0.07694859504699707,0.0037431253879866132,0.007259654998779297,0.00399546810257818,12,65,2,22,"{'max_features': 12, 'max_samples': 65, 'min_samples_leaf': 2, 'n_estimators': 22}",-1070.126239749199,-1259.0789288847814,-2399.930955136355,-2640.9205195393793,-1756.109669928567,-1825.233262647656,614.9989521205429,282
77,0.08735494613647461,0.0037928348909203485,0.004027080535888672,0.0035377642294167383,12,65,2,24,"{'max_features': 12, 'max_samples': 65, 'min_samples_leaf': 2, 'n_estimators': 24}",-1047.4560154581936,-1260.963570190253,-2382.197609550477,-2678.7922674872716,-1716.3593953948082,-1817.1537716162006,628.2733670352778,276
78,0.09532876014709472,0.0036927969160451836,0.005630016326904297,0.004880324666833266,12,65,2,26,"{'max_features': 12, 'max_samples': 65, 'min_samples_leaf': 2, 'n_estimators': 26}",-1032.823087164463,-1283.6229300126026,-2341.7915746939843,-2633.4516991718037,-1685.6559196290243,-1795.4690421343755,609.3205166541452,250
79,0.1033712387084961,0.00606220763274187,0.005069160461425781,0.0033868715228223267,12,65,2,28,"{'max_features': 12, 'max_samples': 65, 'min_samples_leaf': 2, 'n_estimators': 28}",-1059.4060989184427,-1247.5764675308717,-2287.7224862862786,-2639.2012003601913,-1689.3892152126639,-1784.6590936616897,601.1390841618919,233
80,0.10987553596496583,0.0021547546129718196,0.0054662227630615234,0.002830281961337136,12,65,2,30,"{'max_features': 12, 'max_samples': 65, 'min_samples_leaf': 2, 'n_estimators': 30}",-1044.6923929150619,-1231.6228604475466,-2268.3466866868475,-2667.848434702216,-1764.7398230535805,-1795.4500395610507,611.0959741333846,249
81,0.12449345588684083,0.011795679632923764,0.0064090251922607425,0.00307612497663771,12,65,2,32,"{'max_features': 12, 'max_samples': 65, 'min_samples_leaf': 2, 'n_estimators': 32}",-1070.620588693542,-1232.300139949079,-2317.0323782757314,-2739.6238939812633,-1705.3390288477888,-1812.9832059494809,634.446353971935,272
82,0.12379794120788574,0.0034205983867720544,0.00695505142211914,0.004951290478758431,12,65,2,34,"{'max_features': 12, 'max_samples': 65, 'min_samples_leaf': 2, 'n_estimators': 34}",-1035.8445575609742,-1283.355474561285,-2295.375018541254,-2684.7372297371408,-1712.512119631189,-1802.3648800063686,614.269915668492,258
83,0.1353139877319336,0.007552238572305419,0.006605768203735351,0.005055305000115797,12,65,2,36,"{'max_features': 12, 'max_samples': 65, 'min_samples_leaf': 2, 'n_estimators': 36}",-1000.3747610089447,-1196.9736692593272,-2265.9824232993915,-2671.0092733226093,-1717.0015915234985,-1770.2683436827542,629.4929595013455,209
84,0.14310045242309571,0.009298817073055144,0.01001739501953125,0.006357823401289893,12,65,2,38,"{'max_features': 12, 'max_samples': 65, 'min_samples_leaf': 2, 'n_estimators': 38}",-1015.5509171432229,-1160.2144757560325,-2288.336908925804,-2606.9803028960514,-1721.3564407534218,-1758.4878090949067,618.3760224896571,197
85,0.14195055961608888,0.0013917153082835065,0.010533380508422851,0.0028510595380404724,12,65,2,40,"{'max_features': 12, 'max_samples': 65, 'min_samples_leaf': 2, 'n_estimators': 40}",-1039.698975867385,-1144.2481055144478,-2265.3799277737967,-2609.954951581803,-1673.6164668264926,-1746.579685512785,613.5760495069821,175
86,0.1529087543487549,0.008416678961231463,0.011285781860351562,0.005194278694084598,12,65,2,42,"{'max_features': 12, 'max_samples': 65, 'min_samples_leaf': 2, 'n_estimators': 42}",-1033.977237953204,-1120.9317535367154,-2248.116979857289,-2587.558804348125,-1676.2143816611704,-1733.3598314713006,610.2623324884222,139
87,0.16321372985839844,0.009200222095680185,0.010406589508056641,0.0011794884233855413,12,65,2,44,"{'max_features': 12, 'max_samples': 65, 'min_samples_leaf': 2, 'n_estimators': 44}",-1040.5881244354844,-1166.1623836557417,-2261.0932472441555,-2566.776266112925,-1711.8961068819694,-1749.3032256660554,595.6376124646334,180
88,0.1673943042755127,0.004282555492299464,0.012329292297363282,0.003070878380213133,12,65,2,46,"{'max_features': 12, 'max_samples': 65, 'min_samples_leaf': 2, 'n_estimators': 46}",-1032.5256645188986,-1192.6539337076101,-2238.143003677177,-2568.2024445366146,-1713.9017609215,-1749.08536147236,588.9722900131559,179
89,0.17248797416687012,0.00737003763319373,0.009777069091796875,0.006171873355272325,12,65,2,48,"{'max_features': 12, 'max_samples': 65, 'min_samples_leaf': 2, 'n_estimators': 48}",-1019.4043022116133,-1237.900601395837,-2248.1338436103306,-2475.4704976081593,-1720.8351670199597,-1740.3488823691798,560.5078953685864,155
90,0.07542505264282226,0.005891667499532812,0.0,0.0,12,66,2,20,"{'max_features': 12, 'max_samples': 66, 'min_samples_leaf': 2, 'n_estimators': 20}",-957.4186287452982,-1416.2587643815327,-2470.701950173221,-2716.814909766851,-1780.58701248429,-1868.3562531102386,651.8597034982809,299
91,0.07768568992614747,0.003854228925804206,0.008476066589355468,0.0029565236669151225,12,66,2,22,"{'max_features': 12, 'max_samples': 66, 'min_samples_leaf': 2, 'n_estimators': 22}",-947.4294812315453,-1362.4501378324198,-2394.1219660554225,-2586.6046358876292,-1799.2606231492489,-1817.973368831253,614.5631736197438,277
92,0.08939499855041504,0.006056973243527726,0.0056342601776123045,0.004091136576965692,12,66,2,24,"{'max_features': 12, 'max_samples': 66, 'min_samples_leaf': 2, 'n_estimators': 24}",-954.1970439349856,-1358.454831855755,-2410.5897734923064,-2666.948793689483,-1755.766863480713,-1829.1914612906487,637.5673645471196,286
93,0.10644640922546386,0.005787418963568751,0.004547595977783203,0.0033696840531123474,12,66,2,26,"{'max_features': 12, 'max_samples': 66, 'min_samples_leaf': 2, 'n_estimators': 26}",-957.4312966226491,-1377.0008800345113,-2370.4024981363186,-2668.5287230850254,-1690.4692688499326,-1812.7665333456875,629.2429558293619,270
94,0.10988564491271972,0.012793211568728906,0.0070574283599853516,0.004136701859092123,12,66,2,28,"{'max_features': 12, 'max_samples': 66, 'min_samples_leaf': 2, 'n_estimators': 28}",-982.1543217725559,-1370.99976663436,-2289.917480195325,-2676.6784573704654,-1694.197667372891,-1802.7895386691193,611.9889271221958,259
95,0.11817011833190919,0.011062396695250129,0.008751106262207032,0.004242514856523064,12,66,2,30,"{'max_features': 12, 'max_samples': 66, 'min_samples_leaf': 2, 'n_estimators': 30}",-965.6542948159038,-1346.1074908061314,-2273.916677903461,-2704.4671062558896,-1774.458697692601,-1812.920853494797,623.6387648958003,271
96,0.12141919136047363,0.0053916468082063915,0.003632926940917969,0.004549470192584976,12,66,2,32,"{'max_features': 12, 'max_samples': 66, 'min_samples_leaf': 2, 'n_estimators': 32}",-1002.9281429716144,-1333.4262595306368,-2330.728249687583,-2768.0874405401682,-1700.1490410696802,-1827.0638267599365,644.6996709344834,284
97,0.12252449989318848,0.0010870760934615594,0.010885047912597656,0.0071879618294446645,12,66,2,34,"{'max_features': 12, 'max_samples': 66, 'min_samples_leaf': 2, 'n_estimators': 34}",-972.226361074104,-1378.3914489616122,-2290.255064089187,-2720.540869391799,-1708.0342638326406,-1813.8896014698687,625.8117255499221,273
98,0.13337488174438478,0.0035216237404381763,0.0031322479248046876,0.0036585051295285774,12,66,2,36,"{'max_features': 12, 'max_samples': 66, 'min_samples_leaf': 2, 'n_estimators': 36}",-947.2482756413871,-1280.8178139643858,-2259.965850601325,-2710.144009619992,-1712.93751538669,-1782.2226930427562,639.1660286144197,228
99,0.1393794059753418,0.008804216580795103,0.006668281555175781,0.004557382601814115,12,66,2,38,"{'max_features': 12, 'max_samples': 66, 'min_samples_leaf': 2, 'n_estimators': 38}",-975.9260775651819,-1226.1491826233255,-2258.707169457851,-2639.1768843015716,-1726.7069269285741,-1765.333248175301,620.063812336922,202
100,0.14145951271057128,0.0025703946372652117,0.00664815902709961,0.003518845019304161,12,66,2,40,"{'max_features': 12, 'max_samples': 66, 'min_samples_leaf': 2, 'n_estimators': 40}",-1014.5421700427544,-1204.9103457182055,-2229.122036068656,-2649.5307112428704,-1683.2938587804688,-1756.279824370591,613.3493140245481,191
101,0.1527940273284912,0.002212716068607636,0.008777046203613281,0.005974256625154903,12,66,2,42,"{'max_features': 12, 'max_samples': 66, 'min_samples_leaf': 2, 'n_estimators': 42}",-1006.2216371220107,-1178.1151179540814,-2214.6089851192364,-2627.5610943388956,-1681.9301143819825,-1741.6873897832415,611.6406733751303,161
102,0.16033434867858887,0.004976781531300962,0.007529687881469726,0.001638621809823548,12,66,2,44,"{'max_features': 12, 'max_samples': 66, 'min_samples_leaf': 2, 'n_estimators': 44}",-1011.3459739703785,-1232.1889279094894,-2247.830525990473,-2605.086721840221,-1692.6509139716377,-1757.82061273644,599.2878638476038,193
103,0.16989216804504395,0.00743014466882841,0.011351490020751953,0.0038477766429985526,12,66,2,46,"{'max_features': 12, 'max_samples': 66, 'min_samples_leaf': 2, 'n_estimators': 46}",-1033.2959630560897,-1247.0390912465514,-2248.7070941319016,-2609.7643790607435,-1675.0710837325805,-1762.7755222455733,593.1839812730547,200
104,0.1683368682861328,0.003143163329358571,0.011583042144775391,0.0050963265651304815,12,66,2,48,"{'max_features': 12, 'max_samples': 66, 'min_samples_leaf': 2, 'n_estimators': 48}",-1011.438350731965,-1294.5647066223123,-2263.223836532524,-2542.115460064634,-1681.4711778230528,-1758.5627063548975,574.1201658974311,198
105,0.07346305847167969,0.005434252305604658,0.004929351806640625,0.004789228200820841,12,67,2,20,"{'max_features': 12, 'max_samples': 67, 'min_samples_leaf': 2, 'n_estimators': 20}",-984.4514327154936,-1391.0730234918858,-2449.116479496141,-2771.8840273544674,-1704.9830562692066,-1860.3016038654391,661.6794249103264,297
106,0.08036737442016602,0.007025698962688132,0.007481002807617187,0.004076047077875391,12,67,2,22,"{'max_features': 12, 'max_samples': 67, 'min_samples_leaf': 2, 'n_estimators': 22}",-977.0036581573273,-1351.0970347800608,-2390.2577558454227,-2629.81314852071,-1731.8096390385447,-1815.9962472684133,619.5484575653298,275
107,0.08557500839233398,0.004023189842583677,0.008550310134887695,0.004386796552493036,12,67,2,24,"{'max_features': 12, 'max_samples': 67, 'min_samples_leaf': 2, 'n_estimators': 24}",-970.4359105272324,-1345.8154569242206,-2391.626391163466,-2705.3557791535777,-1694.1420899281286,-1821.475125539325,643.9023285126029,279
108,0.09774274826049804,0.006019889931608555,0.003374052047729492,0.00288397524809083,12,67,2,26,"{'max_features': 12, 'max_samples': 67, 'min_samples_leaf': 2, 'n_estimators': 26}",-972.902468023877,-1352.1482566838988,-2345.81803222901,-2669.2826451845494,-1665.672605721309,-1801.164801568529,625.5027126972182,256
109,0.09804091453552247,0.0028424648907196303,0.005297660827636719,0.0033855767517100344,12,67,2,28,"{'max_features': 12, 'max_samples': 67, 'min_samples_leaf': 2, 'n_estimators': 28}",-987.8475137745136,-1364.7249880780514,-2384.4226194991056,-2680.7448183529023,-1694.562942171696,-1822.4605763752538,628.4762232306837,280
110,0.10946803092956543,0.002949139044455856,0.007973766326904297,0.004367325726264277,12,67,2,30,"{'max_features': 12, 'max_samples': 67, 'min_samples_leaf': 2, 'n_estimators': 30}",-972.3139108577185,-1324.4541230433088,-2359.9027856367675,-2710.1656580222925,-1790.632957642189,-1831.4938870404553,640.0358137690525,287
111,0.11633987426757812,0.005476363918310343,0.006818437576293945,0.0038206041814351425,12,67,2,32,"{'max_features': 12, 'max_samples': 67, 'min_samples_leaf': 2, 'n_estimators': 32}",-1014.7221524485115,-1296.8683745233527,-2409.480577470299,-2779.752329732438,-1699.4779687572016,-1840.0602805863605,663.8169146235172,292
112,0.12184634208679199,0.00734064943979933,0.009556293487548828,0.0010237460806709316,12,67,2,34,"{'max_features': 12, 'max_samples': 67, 'min_samples_leaf': 2, 'n_estimators': 34}",-979.3267125541382,-1342.3088379163596,-2369.70075449416,-2728.0262237542725,-1710.8718536804204,-1826.0468764798702,643.9455091571145,283
113,0.12896208763122557,0.003713096051084568,0.007833766937255859,0.00397121694084848,12,67,2,36,"{'max_features': 12, 'max_samples': 67, 'min_samples_leaf': 2, 'n_estimators': 36}",-948.6287063445707,-1297.3591033970092,-2328.0089556761677,-2740.721827761986,-1720.362324510918,-1807.0161835381302,655.3362480895692,265
114,0.13521556854248046,0.0038901887047403817,0.011243343353271484,0.0009682131353609672,12,67,2,38,"{'max_features': 12, 'max_samples': 67, 'min_samples_leaf': 2, 'n_estimators': 38}",-975.8574838153338,-1224.8843804129624,-2337.9528915811793,-2654.144396691573,-1733.2734801483432,-1785.2225265298785,637.539863330451,236
115,0.1420135021209717,0.0018514772134933205,0.007862472534179687,0.002724572284308603,12,67,2,40,"{'max_features': 12, 'max_samples': 67, 'min_samples_leaf': 2, 'n_estimators': 40}",-1011.0335881280071,-1204.5698686994413,-2305.3248224167937,-2655.976997543048,-1694.954551926766,-1774.3719657428112,628.1409717981485,218
116,0.1538447380065918,0.0014011906879664972,0.005733680725097656,0.004711919814016576,12,67,2,42,"{'max_features': 12, 'max_samples': 67, 'min_samples_leaf': 2, 'n_estimators': 42}",-1005.8007132908657,-1176.7724073307436,-2277.56398457167,-2636.7989172651296,-1692.321440358588,-1757.8514925633995,624.5281603547531,195
117,0.15630178451538085,0.006351609914780111,0.008465051651000977,0.0027425883276850638,12,67,2,44,"{'max_features': 12, 'max_samples': 67, 'min_samples_leaf': 2, 'n_estimators': 44}",-1006.8336686908509,-1229.816270325467,-2310.1679695052917,-2614.4442958106774,-1692.5695667655496,-1770.7663542195673,614.0165226689817,211
118,0.16628103256225585,0.0035993698120516627,0.008380508422851563,0.0021784307352103334,12,67,2,46,"{'max_features': 12, 'max_samples': 67, 'min_samples_leaf': 2, 'n_estimators': 46}",-1021.0453705577941,-1248.1694768398588,-2304.367702374825,-2618.9722298743045,-1674.7589952740468,-1773.4627549841657,608.0384389040555,216
119,0.17159900665283204,0.008362395526895395,0.010361385345458985,0.0006329552387621512,12,67,2,48,"{'max_features': 12, 'max_samples': 67, 'min_samples_leaf': 2, 'n_estimators': 48}",-998.875018682206,-1246.9067256497924,-2291.364035447163,-2550.599088235883,-1661.866218251625,-1749.9222172533337,593.142989919012,182
120,0.0805140495300293,0.0039853745328357676,0.002586030960083008,0.004428354183396885,12,68,2,20,"{'max_features': 12, 'max_samples': 68, 'min_samples_leaf': 2, 'n_estimators': 20}",-860.969395807886,-1310.845166103117,-2537.103998943792,-2711.3139915605316,-1753.2844854249129,-1834.7034075680476,705.8366851368462,291
121,0.07695975303649902,0.0034905138478555707,0.0069411277770996095,0.0037712179255401023,12,68,2,22,"{'max_features': 12, 'max_samples': 68, 'min_samples_leaf': 2, 'n_estimators': 22}",-859.2694974689759,-1279.1702174391835,-2471.317753859274,-2585.460425299304,-1736.9365800624764,-1786.4308948258426,667.3693938158574,239
122,0.08606786727905273,0.0038126545694076018,0.006637287139892578,0.004830009492420437,12,68,2,24,"{'max_features': 12, 'max_samples': 68, 'min_samples_leaf': 2, 'n_estimators': 24}",-889.6380275619573,-1294.658042751049,-2500.059163328117,-2665.376998427304,-1813.269268356825,-1832.6003000850505,680.874697993507,288
123,0.09502687454223632,0.004964476366174007,0.004678773880004883,0.004581491209511644,12,68,2,26,"{'max_features': 12, 'max_samples': 68, 'min_samples_leaf': 2, 'n_estimators': 26}",-895.8026284892546,-1300.4733451853422,-2431.400449015132,-2629.5216818746144,-1773.7906595783782,-1806.1977528285443,656.4095340652176,262
124,0.10611238479614257,0.007010832159337431,0.0035167694091796874,0.004382432136694491,12,68,2,28,"{'max_features': 12, 'max_samples': 68, 'min_samples_leaf': 2, 'n_estimators': 28}",-940.0759778555919,-1314.252297540405,-2478.20657535985,-2637.2386168408407,-1793.9217607353705,-1832.7390456664118,652.8446268651543,289
125,0.10954775810241699,0.006494907021843676,0.007588958740234375,0.004016495133659989,12,68,2,30,"{'max_features': 12, 'max_samples': 68, 'min_samples_leaf': 2, 'n_estimators': 30}",-924.0543467316802,-1276.7834453590349,-2447.902608328441,-2668.469475551341,-1885.061521057033,-1840.4542794055058,665.4481330842677,293
126,0.11746387481689453,0.005338151273533832,0.009885549545288086,0.0034612179495538847,12,68,2,32,"{'max_features': 12, 'max_samples': 68, 'min_samples_leaf': 2, 'n_estimators': 32}",-947.3269885789963,-1244.170635873002,-2462.699617999463,-2665.1810813466855,-1826.2109296286283,-1829.117850685355,666.3564211948083,285
127,0.12666730880737304,0.006374970303139504,0.0050237178802490234,0.004614500471332354,12,68,2,34,"{'max_features': 12, 'max_samples': 68, 'min_samples_leaf': 2, 'n_estimators': 34}",-917.8164462103181,-1294.3597078770026,-2417.446332446398,-2626.516570831706,-1814.469745798409,-1814.1217606327668,647.6884738564919,274
128,0.1300962448120117,0.003194931644959319,0.006978082656860352,0.003539437933945114,12,68,2,36,"{'max_features': 12, 'max_samples': 68, 'min_samples_leaf': 2, 'n_estimators': 36}",-891.1036841141643,-1249.886833845962,-2372.211342680867,-2638.905334564862,-1834.2413948772396,-1797.269718016619,657.4253099152,251
129,0.14311304092407226,0.0029346693580845824,0.004562854766845703,0.0023974397946013477,12,68,2,38,"{'max_features': 12, 'max_samples': 68, 'min_samples_leaf': 2, 'n_estimators': 38}",-919.2778627542282,-1200.0237621672993,-2377.9144333066074,-2587.1074926063143,-1842.1268318324878,-1785.2900765333875,646.5073900363418,237
130,0.1457667827606201,0.0016055291321787932,0.00704803466796875,0.004210491014591503,12,68,2,40,"{'max_features': 12, 'max_samples': 68, 'min_samples_leaf': 2, 'n_estimators': 40}",-945.3581235824402,-1179.1332982026634,-2345.127362582826,-2593.930522255084,-1792.8837210032336,-1771.2866055252496,638.6401271839118,212
131,0.14919767379760743,0.005880258103411348,0.008800458908081055,0.003628004390508715,12,68,2,42,"{'max_features': 12, 'max_samples': 68, 'min_samples_leaf': 2, 'n_estimators': 42}",-942.4058068785307,-1156.3520224459457,-2320.3170605458663,-2581.5606046550247,-1787.4060909717525,-1757.6083170994239,636.0016782961825,192
132,0.15947985649108887,0.007103007133816766,0.0069027900695800785,0.003604782094709924,12,68,2,44,"{'max_features': 12, 'max_samples': 68, 'min_samples_leaf': 2, 'n_estimators': 44}",-942.5160628137157,-1211.5620491886314,-2353.3691495429484,-2560.6417405674047,-1768.946038917765,-1767.407008206093,626.4158412070019,203
133,0.1699657917022705,0.00816492016992038,0.011882877349853516,0.002869654880385319,12,68,2,46,"{'max_features': 12, 'max_samples': 68, 'min_samples_leaf': 2, 'n_estimators': 46}",-940.090446362419,-1233.6612591425712,-2336.3920256660203,-2577.8285077709716,-1750.7984501356,-1767.7541378155165,624.5221240118608,204
134,0.18265647888183595,0.005890761414649269,0.009919357299804688,0.0019035888295581642,12,68,2,48,"{'max_features': 12, 'max_samples': 68, 'min_samples_leaf': 2, 'n_estimators': 48}",-919.8868907121041,-1235.6621422545027,-2322.3222051762095,-2521.2646955346518,-1733.0107184561748,-1746.4293304267285,612.5778367716435,173
135,0.08126821517944335,0.005518719701650221,0.0023427486419677736,0.003417876303010099,12,69,2,20,"{'max_features': 12, 'max_samples': 69, 'min_samples_leaf': 2, 'n_estimators': 20}",-804.496371963636,-1268.4229181689022,-2398.8292272513927,-2628.463262505028,-1802.8836291544544,-1780.6190818086827,680.6878437962606,226
136,0.0853339672088623,0.0042034867762440024,0.005629348754882813,0.004652307665128037,12,69,2,22,"{'max_features': 12, 'max_samples': 69, 'min_samples_leaf': 2, 'n_estimators': 22}",-811.8142739802977,-1238.0777450322096,-2401.7611909661036,-2477.941374096902,-1787.9187449659444,-1743.5026658082916,647.7923896236913,168
137,0.09516377449035644,0.00382820349502945,0.006900215148925781,0.004884963824994967,12,69,2,24,"{'max_features': 12, 'max_samples': 69, 'min_samples_leaf': 2, 'n_estimators': 24}",-833.1027211841913,-1260.9595013136975,-2414.6666086298974,-2573.6789401253704,-1860.868375115771,-1788.6552292737856,664.0648445955518,241
138,0.10909299850463867,0.00933443854683497,0.0062351226806640625,0.001477138841716735,12,69,2,26,"{'max_features': 12, 'max_samples': 69, 'min_samples_leaf': 2, 'n_estimators': 26}",-853.8900171163441,-1270.9118988227178,-2356.444057904783,-2545.3928063198373,-1820.2349008183796,-1769.3747361964124,638.1251697130166,207
139,0.1077092170715332,0.0048514398980426246,0.004137659072875976,0.002658487747433725,12,69,2,28,"{'max_features': 12, 'max_samples': 69, 'min_samples_leaf': 2, 'n_estimators': 28}",-892.9598737187838,-1256.4561942277815,-2376.2760662448536,-2561.0831982975787,-1833.3930770947165,-1784.0336819167428,637.0783122611036,232
140,0.11001443862915039,0.004567300349732342,0.006194782257080078,0.0035543872528956207,12,69,2,30,"{'max_features': 12, 'max_samples': 69, 'min_samples_leaf': 2, 'n_estimators': 30}",-859.909980368751,-1224.6619237104237,-2349.266477975044,-2578.716538228649,-1916.6383339323534,-1785.8386508430442,653.5255220218385,238
141,0.11976432800292969,0.0038949919945960123,0.005106401443481445,0.0036158488115207864,12,69,2,32,"{'max_features': 12, 'max_samples': 69, 'min_samples_leaf': 2, 'n_estimators': 32}",-885.9483732917581,-1200.4853319365823,-2372.678727062391,-2555.92611567161,-1854.4115909765267,-1773.8900277877735,647.1236973382019,217
142,0.13009605407714844,0.007025413915642046,0.008876466751098632,0.003029141232992955,12,69,2,34,"{'max_features': 12, 'max_samples': 69, 'min_samples_leaf': 2, 'n_estimators': 34}",-864.0059655455468,-1248.2184287336927,-2341.011370975937,-2561.6873307205215,-1842.310065683215,-1771.4466323317824,640.487672927589,213
143,0.14674072265625,0.020163481212425505,0.009635019302368163,0.0026566278061806304,12,69,2,36,"{'max_features': 12, 'max_samples': 69, 'min_samples_leaf': 2, 'n_estimators': 36}",-846.6209279971657,-1202.1022617424173,-2301.3196444529794,-2572.1124399493297,-1855.0974476432307,-1755.4505443570247,649.1540379496778,187
144,0.2191328525543213,0.12495450553751682,0.013125419616699219,0.015895764484093522,12,69,2,38,"{'max_features': 12, 'max_samples': 69, 'min_samples_leaf': 2, 'n_estimators': 38}",-868.0261614859028,-1137.9211199878782,-2320.3438468666727,-2519.070912359233,-1864.831916988475,-1742.0387915376323,645.3138839408715,163
145,0.2750996112823486,0.15243251898041887,0.025042009353637696,0.015715038514946655,12,69,2,40,"{'max_features': 12, 'max_samples': 69, 'min_samples_leaf': 2, 'n_estimators': 40}",-896.3360633162362,-1123.0477996029847,-2290.8427396063153,-2530.041799045418,-1815.638313636732,-1731.1813430415373,636.4471595644732,129
146,0.33637428283691406,0.09048265270159236,0.013749933242797852,0.00701670911008082,12,69,2,42,"{'max_features': 12, 'max_samples': 69, 'min_samples_leaf': 2, 'n_estimators': 42}",-897.8795400284176,-1101.2575909964526,-2262.9029470751093,-2545.5660485387384,-1804.768579046032,-1722.4749411369498,639.0903246289106,105
147,0.40001797676086426,0.1462529031555334,0.023458099365234374,0.016406600744528255,12,69,2,44,"{'max_features': 12, 'max_samples': 69, 'min_samples_leaf': 2, 'n_estimators': 44}",-911.6366371402567,-1154.3777437710735,-2294.922794714704,-2524.39152476953,-1783.858268527411,-1733.837393784595,625.1531523210291,140
148,0.3867345333099365,0.10554902589298407,0.018863344192504884,0.005218129130914941,12,69,2,46,"{'max_features': 12, 'max_samples': 69, 'min_samples_leaf': 2, 'n_estimators': 46}",-928.2330200891413,-1177.479168182303,-2264.9712052276154,-2543.9245285090115,-1767.0993579747715,-1736.3414559965688,616.1091105056897,145
149,0.4020143985748291,0.10707759952749865,0.017717313766479493,0.004103066115768462,12,69,2,48,"{'max_features': 12, 'max_samples': 69, 'min_samples_leaf': 2, 'n_estimators': 48}",-905.4639791574886,-1180.2360194991847,-2267.3955087254362,-2468.6689146416315,-1747.77584899092,-1713.9080542029321,602.5855971376495,82
150,0.19502415657043456,0.0891551090830584,0.012009668350219726,0.007838181566908934,12,70,2,20,"{'max_features': 12, 'max_samples': 70, 'min_samples_leaf': 2, 'n_estimators': 20}",-864.429701542433,-1177.1711318437783,-2412.0295181957185,-2524.6359461487846,-1801.9611095360656,-1756.0454814533562,656.2360574375421,190
151,0.17849106788635255,0.04016918756497739,0.01358637809753418,0.003341277973408886,12,70,2,22,"{'max_features': 12, 'max_samples': 70, 'min_samples_leaf': 2, 'n_estimators': 22}",-862.8769688164036,-1148.9098607402923,-2415.8274601036696,-2378.0281412648214,-1781.99039552343,-1717.5265652897233,629.5701623197543,93
152,0.14908766746520996,0.005497685821441403,0.012862014770507812,0.004450973147549413,12,70,2,24,"{'max_features': 12, 'max_samples': 70, 'min_samples_leaf': 2, 'n_estimators': 24}",-850.3942684711628,-1177.3023365335107,-2454.675728465627,-2481.2284393768978,-1825.5314994990044,-1757.8264544692406,659.3837637143364,194
153,0.21257343292236328,0.05382217419478053,0.0075339794158935545,0.002856165598755472,12,70,2,26,"{'max_features': 12, 'max_samples': 70, 'min_samples_leaf': 2, 'n_estimators': 26}",-858.5778758833446,-1194.4931009478641,-2398.102918417581,-2424.9076449219347,-1749.5732855075366,-1725.1309651356526,628.5963534581575,112
154,0.22141790390014648,0.04518553890551483,0.014816808700561523,0.013343613292470486,12,70,2,28,"{'max_features': 12, 'max_samples': 70, 'min_samples_leaf': 2, 'n_estimators': 28}",-884.0218032847504,-1130.2228906790806,-2364.5749172915635,-2428.9060440578583,-1759.294605075344,-1713.4040520777191,627.064226488558,81
155,0.20502095222473143,0.015977683169235674,0.017473983764648437,0.007981683577101311,12,70,2,30,"{'max_features': 12, 'max_samples': 70, 'min_samples_leaf': 2, 'n_estimators': 30}",-873.6217876033222,-1109.1037038326333,-2334.05719874026,-2487.009831076522,-1847.373769624583,-1730.233258175464,643.5248506013611,125
156,0.24093947410583497,0.04107520419527737,0.008442449569702148,0.001354317295402291,12,70,2,32,"{'max_features': 12, 'max_samples': 70, 'min_samples_leaf': 2, 'n_estimators': 32}",-895.8191162580957,-1093.8195287146477,-2360.2046154459454,-2501.082361261747,-1795.1063924040434,-1729.206402816896,647.540716460836,122
157,0.20624008178710937,0.012461516139228081,0.01122298240661621,0.0017227626360916232,12,70,2,34,"{'max_features': 12, 'max_samples': 70, 'min_samples_leaf': 2, 'n_estimators': 34}",-878.938671698875,-1164.9426379918295,-2329.6946087754304,-2465.7333016119337,-1783.4641440757118,-1724.5546728307559,624.0580868070325,110
158,0.23268260955810546,0.03241889197752553,0.015499114990234375,0.005425241983044096,12,70,2,36,"{'max_features': 12, 'max_samples': 70, 'min_samples_leaf': 2, 'n_estimators': 36}",-863.981505657873,-1126.132172999482,-2290.7695393572226,-2483.402283819398,-1796.8327400085568,-1712.2236483685065,632.3936249385421,77
159,0.25586323738098143,0.03292899102646289,0.015712833404541014,0.0063076532595102795,12,70,2,38,"{'max_features': 12, 'max_samples': 70, 'min_samples_leaf': 2, 'n_estimators': 38}",-891.3283849473116,-1067.7503135235002,-2312.7988785125535,-2432.6546549678583,-1808.9939840315242,-1702.7052431965494,628.9416273145183,54
160,0.24108471870422363,0.019042466049826328,0.011653327941894531,0.0027188776313749443,12,70,2,40,"{'max_features': 12, 'max_samples': 70, 'min_samples_leaf': 2, 'n_estimators': 40}",-919.302223981778,-1057.6062947559233,-2283.8090531572157,-2452.3576714624533,-1760.7181765461792,-1694.7586839807095,621.704609339317,37
161,0.2856684684753418,0.058284798718693374,0.016015005111694337,0.006232297950134029,12,70,2,42,"{'max_features': 12, 'max_samples': 70, 'min_samples_leaf': 2, 'n_estimators': 42}",-919.9270360153599,-1030.7800231983877,-2257.714722556394,-2472.4631423512255,-1755.5807592460872,-1687.2931366734908,627.1197849626171,23
162,0.3088027000427246,0.052015997033993025,0.01711249351501465,0.0022835997902333326,12,70,2,44,"{'max_features': 12, 'max_samples': 70, 'min_samples_leaf': 2, 'n_estimators': 44}",-934.0328229961854,-1081.977282105892,-2288.404168502445,-2457.100731725443,-1737.1004148081313,-1699.7230840276195,614.728368783697,47
163,0.3185246467590332,0.038866989617375725,0.016632843017578124,0.004835559285484216,12,70,2,46,"{'max_features': 12, 'max_samples': 70, 'min_samples_leaf': 2, 'n_estimators': 46}",-942.7279772692918,-1090.8798911206554,-2264.9251454603577,-2474.355993743712,-1730.5222970367922,-1700.6822609261617,610.6038210965612,51
164,0.2838571071624756,0.007239988070716524,0.0184600830078125,0.006028058026479622,12,70,2,48,"{'max_features': 12, 'max_samples': 70, 'min_samples_leaf': 2, 'n_estimators': 48}",-934.2441660454863,-1106.8529959399198,-2267.7617922732798,-2386.104288310964,-1713.5838188966936,-1681.7094122932685,588.1852947851405,16
165,0.13544235229492188,0.022616439562105146,0.008723592758178711,0.004500731535807492,12,71,2,20,"{'max_features': 12, 'max_samples': 71, 'min_samples_leaf': 2, 'n_estimators': 20}",-969.6815057662176,-1026.3791589061927,-2319.9104622447035,-2646.600071763972,-1817.2891227220123,-1755.9720642806194,673.136419464815,189
166,0.14894323348999022,0.02619445787501554,0.009976673126220702,0.0016638316849282861,12,71,2,22,"{'max_features': 12, 'max_samples': 71, 'min_samples_leaf': 2, 'n_estimators': 22}",-962.9275930187332,-1016.0140300649849,-2364.941411300723,-2484.9952656112996,-1791.3547555710527,-1724.0466111133585,644.1943311658548,109
167,0.1607283592224121,0.011982351924827097,0.012967681884765625,0.0050947378067961475,12,71,2,24,"{'max_features': 12, 'max_samples': 71, 'min_samples_leaf': 2, 'n_estimators': 24}",-939.6200068730592,-1099.5485649879197,-2397.944918467572,-2558.9360455737724,-1864.6427619282015,-1772.138459566105,657.9825760107789,214
168,0.18802323341369628,0.03176224246752168,0.009469556808471679,0.0034865255816553973,12,71,2,26,"{'max_features': 12, 'max_samples': 71, 'min_samples_leaf': 2, 'n_estimators': 26}",-934.7389588983239,-1119.9641257202177,-2360.2662203613227,-2490.186446502639,-1783.3052579509229,-1737.692201886685,629.642507150393,148
169,0.1729128360748291,0.01784716200007627,0.0133331298828125,0.005756047789902337,12,71,2,28,"{'max_features': 12, 'max_samples': 71, 'min_samples_leaf': 2, 'n_estimators': 28}",-960.4126152466193,-1063.093812720263,-2373.7071442195547,-2459.1050448113956,-1789.6572768416595,-1729.1951787678984,630.3233156541728,121
170,0.17604351043701172,0.007948560142099655,0.01046442985534668,0.001592996814848701,12,71,2,30,"{'max_features': 12, 'max_samples': 71, 'min_samples_leaf': 2, 'n_estimators': 30}",-953.924720324331,-1044.6949933593944,-2371.2747185805406,-2503.7798819860077,-1875.7770313049791,-1749.8902691110502,648.2556889278678,181
171,0.2319103240966797,0.041743298888253254,0.013548946380615235,0.00637659399994082,12,71,2,32,"{'max_features': 12, 'max_samples': 71, 'min_samples_leaf': 2, 'n_estimators': 32}",-963.3066572186639,-1018.6484371749578,-2398.83441736378,-2516.1810792032516,-1819.7416740302644,-1743.3424529981835,658.2436262880326,167
172,0.251666259765625,0.04778022608046974,0.014807844161987304,0.008186556810683528,12,71,2,34,"{'max_features': 12, 'max_samples': 71, 'min_samples_leaf': 2, 'n_estimators': 34}",-922.1311321202114,-1090.0484117086937,-2366.781551939051,-2452.3416986949765,-1819.0504725780236,-1730.070653408191,632.0424636551307,124
173,0.22749919891357423,0.0510731824632243,0.018396472930908202,0.010815159681521897,12,71,2,36,"{'max_features': 12, 'max_samples': 71, 'min_samples_leaf': 2, 'n_estimators': 36}",-896.2607383206538,-1056.8919889045524,-2323.6743372026767,-2469.478285039471,-1831.1812457237825,-1715.4973190382273,641.3515275533795,86
174,0.2675453186035156,0.06300312553254192,0.012987232208251953,0.004092301053022712,12,71,2,38,"{'max_features': 12, 'max_samples': 71, 'min_samples_leaf': 2, 'n_estimators': 38}",-921.553812022447,-998.9734731290819,-2339.0053267957055,-2402.1922490221777,-1826.5432173077704,-1697.6536156554364,634.7919469342276,41
175,0.29517436027526855,0.08074382695724983,0.033239316940307614,0.018148451567674757,12,71,2,40,"{'max_features': 12, 'max_samples': 71, 'min_samples_leaf': 2, 'n_estimators': 40}",-945.5517292781091,-992.7677429063378,-2343.3184480648706,-2435.919101937224,-1778.9801810701538,-1699.3074406513392,637.3445974816682,44
176,0.3547810077667236,0.08814941304242191,0.02842545509338379,0.01930864257513696,12,71,2,42,"{'max_features': 12, 'max_samples': 71, 'min_samples_leaf': 2, 'n_estimators': 42}",-935.6294186022802,-968.192796902608,-2303.194436167625,-2447.2791101072107,-1764.3084790233254,-1683.7208481606099,639.5129851674576,18
177,0.3860337734222412,0.06436539981376098,0.020429420471191406,0.01190547510520975,12,71,2,44,"{'max_features': 12, 'max_samples': 71, 'min_samples_leaf': 2, 'n_estimators': 44}",-956.1264913203859,-1013.7172277264226,-2306.579251246742,-2428.887903534144,-1746.1540341670802,-1690.2929815989548,620.5170212387391,29
178,0.44823346138000486,0.09114122106453956,0.033016300201416014,0.012309812522869607,12,71,2,46,"{'max_features': 12, 'max_samples': 71, 'min_samples_leaf': 2, 'n_estimators': 46}",-941.7347180794156,-1018.4880719671028,-2288.6263288025907,-2457.3891543477052,-1734.3582738697519,-1688.119309413313,626.1020314357067,26
179,0.6390949726104737,0.152862928536669,0.0375333309173584,0.03422323208458039,12,71,2,48,"{'max_features': 12, 'max_samples': 71, 'min_samples_leaf': 2, 'n_estimators': 48}",-938.1030653342308,-1049.410988494133,-2289.342268055321,-2373.848730592704,-1720.991486006711,-1674.33930769662,600.3828292715559,6
180,0.23039889335632324,0.03481026212022049,0.02274909019470215,0.031227341199371882,12,72,2,20,"{'max_features': 12, 'max_samples': 72, 'min_samples_leaf': 2, 'n_estimators': 20}",-956.1989191447461,-1216.444904526803,-2428.8317598555855,-2792.886143491509,-1775.4075201193914,-1833.9538494276069,696.9403934710135,290
181,0.2821200847625732,0.02886984144926717,0.017836332321166992,0.01583530423281739,12,72,2,22,"{'max_features': 12, 'max_samples': 72, 'min_samples_leaf': 2, 'n_estimators': 22}",-950.5744389396375,-1191.5762803501361,-2407.431142983988,-2611.252749636011,-1755.0715803558292,-1783.1812384531204,651.0623676524359,230
182,0.31293272972106934,0.0634672535615282,0.011066722869873046,0.0059359958222040205,12,72,2,24,"{'max_features': 12, 'max_samples': 72, 'min_samples_leaf': 2, 'n_estimators': 24}",-943.4802651812136,-1319.3791422761046,-2436.62384193102,-2675.3942768892925,-1731.3220184259303,-1821.2399089407122,654.0165926997382,278
183,0.3332249164581299,0.08349063823155137,0.022980499267578124,0.013916017618683727,12,72,2,26,"{'max_features': 12, 'max_samples': 72, 'min_samples_leaf': 2, 'n_estimators': 26}",-947.0183716307326,-1306.161272136015,-2396.550102422939,-2592.030460447975,-1656.710695227305,-1779.6941803729933,628.1892733501068,225
184,0.2523319244384766,0.021530474578129056,0.017836666107177733,0.004425441981908433,12,72,2,28,"{'max_features': 12, 'max_samples': 72, 'min_samples_leaf': 2, 'n_estimators': 28}",-971.4905223200846,-1265.9499153318673,-2419.5910944133493,-2524.156102201786,-1662.7415125976138,-1768.78582937294,615.4512007131381,206
185,0.3978740692138672,0.097217167822015,0.031387853622436526,0.019394861836693474,12,72,2,30,"{'max_features': 12, 'max_samples': 72, 'min_samples_leaf': 2, 'n_estimators': 30}",-956.714001876928,-1243.94378269672,-2415.982814331254,-2565.1430113039337,-1742.5311049073437,-1784.8629430232359,630.4546721477038,234
186,0.33345441818237304,0.06966563659855653,0.014363765716552734,0.0018987058027070101,12,72,2,32,"{'max_features': 12, 'max_samples': 72, 'min_samples_leaf': 2, 'n_estimators': 32}",-975.9082808310064,-1259.6830825574648,-2433.9542398374097,-2591.7306858491775,-1695.7090067525726,-1791.3970591655263,634.0838348859045,245
187,0.2729466438293457,0.02290271052625015,0.012354898452758788,0.005738916095898459,12,72,2,34,"{'max_features': 12, 'max_samples': 72, 'min_samples_leaf': 2, 'n_estimators': 34}",-936.5630352309188,-1283.4846874502948,-2407.2784127300997,-2524.571508564341,-1700.9711993031772,-1770.5737686557663,618.3170044129446,210
188,0.4042788028717041,0.05276544135586483,0.04622197151184082,0.029165962433281584,12,72,2,36,"{'max_features': 12, 'max_samples': 72, 'min_samples_leaf': 2, 'n_estimators': 36}",-914.7921719324555,-1236.7546924330716,-2359.896687611961,-2548.2906361325545,-1717.96048805866,-1755.5389352337406,627.8706717803528,188
189,0.41062135696411134,0.05754750807526269,0.02636299133300781,0.01929359655529481,12,72,2,38,"{'max_features': 12, 'max_samples': 72, 'min_samples_leaf': 2, 'n_estimators': 38}",-938.3188171496706,-1156.5991110221526,-2371.570548670268,-2477.5760921802353,-1716.2447373843347,-1732.0618612813323,620.6767932137195,132
190,0.5043681621551513,0.05842118489533675,0.018140792846679688,0.0069374673004573865,12,72,2,40,"{'max_features': 12, 'max_samples': 72, 'min_samples_leaf': 2, 'n_estimators': 40}",-962.9301050421051,-1143.905292356125,-2372.0019501240295,-2468.9333059494134,-1679.8735559516438,-1725.5288418846635,615.2243279978015,113
191,0.488718843460083,0.11287060860899799,0.03970632553100586,0.024682538517884284,12,72,2,42,"{'max_features': 12, 'max_samples': 72, 'min_samples_leaf': 2, 'n_estimators': 42}",-939.330941138592,-1116.4721193717207,-2337.2361062515365,-2458.6753756150415,-1671.4918337170814,-1704.6412752187946,616.6823158841847,59
192,0.4009552001953125,0.01987831984822603,0.01890392303466797,0.003258049590983532,12,72,2,44,"{'max_features': 12, 'max_samples': 72, 'min_samples_leaf': 2, 'n_estimators': 44}",-960.034925192335,-1152.312448140376,-2340.545611803333,-2440.7308050694137,-1660.8733238872016,-1710.8994228185318,601.2366726125643,74
193,0.6007764339447021,0.13981233205568272,0.03966536521911621,0.031818258824474095,12,72,2,46,"{'max_features': 12, 'max_samples': 72, 'min_samples_leaf': 2, 'n_estimators': 46}",-943.6183896961378,-1167.2561346602306,-2324.33466731175,-2489.1232177534703,-1659.0651398306443,-1716.6795098504467,611.3465512458077,90
194,0.5130573272705078,0.14313223556404964,0.022049999237060545,0.008866720187281213,12,72,2,48,"{'max_features': 12, 'max_samples': 72, 'min_samples_leaf': 2, 'n_estimators': 48}",-931.4865832013029,-1192.374341774097,-2323.2760412217203,-2400.5286809948757,-1649.8945497320688,-1699.512039384813,588.2209623542961,46
195,0.22772364616394042,0.09822450132729484,0.01569356918334961,0.0129035472109526,12,73,2,20,"{'max_features': 12, 'max_samples': 73, 'min_samples_leaf': 2, 'n_estimators': 20}",-949.8772063595155,-1226.67891347016,-2444.664591351437,-2782.3003360306548,-1716.0588307532241,-1823.9159755929984,698.0112418130244,281
196,0.2458324909210205,0.1077957305511053,0.010232067108154297,0.004754438449325856,12,73,2,22,"{'max_features': 12, 'max_samples': 73, 'min_samples_leaf': 2, 'n_estimators': 22}",-951.1565450215727,-1191.4437882943432,-2418.570967081989,-2604.868002843562,-1706.3102300194355,-1774.4699066521803,652.2020027339158,219
197,0.20340137481689452,0.062431322400622165,0.007597017288208008,0.005417682296350276,12,73,2,24,"{'max_features': 12, 'max_samples': 73, 'min_samples_leaf': 2, 'n_estimators': 24}",-951.7909731035186,-1322.7991444134502,-2417.6263415665558,-2688.3721108994278,-1679.7054753870354,-1812.0588090739977,652.9303505539389,269
198,0.392135763168335,0.03431166943783954,0.04578256607055664,0.027132495879552812,12,73,2,26,"{'max_features': 12, 'max_samples': 73, 'min_samples_leaf': 2, 'n_estimators': 26}",-952.3751775313651,-1317.3790803861018,-2379.76588115833,-2620.929702521803,-1623.8758250148178,-1778.8651333224836,630.9090516419319,223
199,0.24821362495422364,0.10147889797069429,0.021653509140014647,0.025441603759570157,12,73,2,28,"{'max_features': 12, 'max_samples': 73, 'min_samples_leaf': 2, 'n_estimators': 28}",-972.0597534121131,-1282.5995552769493,-2403.6177151838547,-2548.2254113918707,-1634.3448293864365,-1768.1694529302447,616.4024012563776,205
200,0.32197208404541017,0.10085820011557897,0.02685403823852539,0.025279896929980988,12,73,2,30,"{'max_features': 12, 'max_samples': 73, 'min_samples_leaf': 2, 'n_estimators': 30}",-952.962494051569,-1258.1877888657928,-2385.7186095105285,-2555.5276455902967,-1709.8592322843015,-1772.4511540604976,621.1685737120036,215
201,0.22742085456848143,0.034060660125175064,0.013472175598144532,0.004079463653151762,12,73,2,32,"{'max_features': 12, 'max_samples': 73, 'min_samples_leaf': 2, 'n_estimators': 32}",-966.607026325184,-1273.846446637323,-2409.447614385908,-2575.629758198273,-1649.7294789988034,-1775.0520649090981,626.718207638103,220
202,0.41199579238891604,0.11368044962059326,0.020204925537109376,0.014040107384392856,12,73,2,34,"{'max_features': 12, 'max_samples': 73, 'min_samples_leaf': 2, 'n_estimators': 34}",-923.1516219348457,-1288.113013843235,-2385.1379719354445,-2510.5932987915617,-1658.2802129580082,-1753.0552238926189,614.3754691100082,186
203,0.23169593811035155,0.005572386651785216,0.015865468978881837,0.009055740480006763,12,73,2,36,"{'max_features': 12, 'max_samples': 73, 'min_samples_leaf': 2, 'n_estimators': 36}",-906.5751063653981,-1232.6787762952883,-2342.576457989703,-2544.366742108506,-1681.3105040531912,-1741.5015173624174,626.9783576882545,159
204,0.39359045028686523,0.12466176760582176,0.01868777275085449,0.0071094227545304015,12,73,2,38,"{'max_features': 12, 'max_samples': 73, 'min_samples_leaf': 2, 'n_estimators': 38}",-925.2223293568735,-1152.0659313064266,-2349.4065343343163,-2474.175839319581,-1681.3702772820411,-1716.448182319848,619.771508323024,89
205,0.3038884162902832,0.0645167660801545,0.01766543388366699,0.010481270152217186,12,73,2,40,"{'max_features': 12, 'max_samples': 73, 'min_samples_leaf': 2, 'n_estimators': 40}",-946.3963826055062,-1189.3973357753982,-2318.8105153618226,-2470.2284338515155,-1647.2342940513379,-1714.413392329116,601.0918860592192,83
206,0.38602414131164553,0.119994045542287,0.014360761642456055,0.0033067656634603137,12,73,2,42,"{'max_features': 12, 'max_samples': 73, 'min_samples_leaf': 2, 'n_estimators': 42}",-923.7411442138534,-1159.8690219697282,-2290.768190333832,-2458.398795276368,-1641.2972658170154,-1694.8148835221596,603.6235011722833,38
207,0.4271267890930176,0.11885885646402597,0.018024110794067384,0.01161187878619522,12,73,2,44,"{'max_features': 12, 'max_samples': 73, 'min_samples_leaf': 2, 'n_estimators': 44}",-942.8924243843039,-1208.5124113819634,-2301.8526617612697,-2442.3287918550955,-1636.3719610946928,-1706.391650095465,588.5396934594371,61
208,0.3424061298370361,0.12532806800082957,0.020366144180297852,0.01390801798822927,12,73,2,46,"{'max_features': 12, 'max_samples': 73, 'min_samples_leaf': 2, 'n_estimators': 46}",-927.8476913178469,-1226.7601194037306,-2289.5472782043435,-2471.21855285941,-1634.670577158177,-1710.0088437887018,594.3544852395033,70
209,0.5122193336486817,0.34954196102826346,0.021542453765869142,0.009653821651923565,12,73,2,48,"{'max_features': 12, 'max_samples': 73, 'min_samples_leaf': 2, 'n_estimators': 48}",-920.2346017435269,-1248.6129695631118,-2284.5974677672134,-2412.6436359575646,-1653.7619588511418,-1703.9701267765117,576.7943525506365,58
210,0.11704020500183106,0.012069321964471165,0.01314387321472168,0.005350363564442232,12,74,2,20,"{'max_features': 12, 'max_samples': 74, 'min_samples_leaf': 2, 'n_estimators': 20}",-900.9832325192601,-1175.1598037616557,-2348.0871895481077,-2521.3459477853685,-1743.8024500522029,-1737.875724733319,632.9702993842428,149
211,0.15853047370910645,0.04127503342499476,0.03897461891174316,0.06072209961470261,12,74,2,22,"{'max_features': 12, 'max_samples': 74, 'min_samples_leaf': 2, 'n_estimators': 22}",-908.14734890121,-1172.1140172444761,-2330.8451660913624,-2374.4030473425055,-1731.797938148813,-1703.4615035456736,593.1998861301603,57
212,0.4384639739990234,0.24823661087589288,0.009520816802978515,0.005728791852675784,12,74,2,24,"{'max_features': 12, 'max_samples': 74, 'min_samples_leaf': 2, 'n_estimators': 24}",-910.7510629780872,-1303.1162308763057,-2371.2332290578265,-2469.926648606101,-1700.545412821338,-1751.1145168679318,601.7821085926705,184
213,0.32047386169433595,0.11482577972033571,0.016163396835327148,0.010143968262955728,12,74,2,26,"{'max_features': 12, 'max_samples': 74, 'min_samples_leaf': 2, 'n_estimators': 26}",-947.9610852318216,-1310.8843242352125,-2323.42758667767,-2427.3638232323215,-1649.5631180723126,-1731.8399874898673,571.3437810410268,131
214,0.3795978546142578,0.18238989697094882,0.023565673828125,0.012502352733238305,12,74,2,28,"{'max_features': 12, 'max_samples': 74, 'min_samples_leaf': 2, 'n_estimators': 28}",-988.1426225283651,-1277.1039912057697,-2350.4657046295497,-2380.0625076987844,-1659.6728416078236,-1731.0895335340585,559.9939448991962,128
215,0.2885181427001953,0.03745280843528196,0.02626171112060547,0.01609630338856712,12,74,2,30,"{'max_features': 12, 'max_samples': 74, 'min_samples_leaf': 2, 'n_estimators': 30}",-983.2701394496526,-1249.2999943088098,-2346.8738296668917,-2405.312174976471,-1724.4036027253064,-1741.831948225426,570.0156454303357,162
216,0.29709773063659667,0.037573449797427376,0.016676664352416992,0.008043031831710283,12,74,2,32,"{'max_features': 12, 'max_samples': 74, 'min_samples_leaf': 2, 'n_estimators': 32}",-986.4151234641707,-1258.4062813509565,-2362.3575860023802,-2444.7958375195253,-1670.021493970685,-1744.3992644615435,581.1521379281635,169
217,0.25147361755371095,0.026380103017217688,0.013125419616699219,0.004056832289817457,12,74,2,34,"{'max_features': 12, 'max_samples': 74, 'min_samples_leaf': 2, 'n_estimators': 34}",-942.1293045549062,-1261.9053472495627,-2340.2122009953246,-2380.928744780306,-1682.3433981027997,-1721.5037991365796,572.3338575094682,103
218,0.35500259399414064,0.0535307131820907,0.03495769500732422,0.01820317949066796,12,74,2,36,"{'max_features': 12, 'max_samples': 74, 'min_samples_leaf': 2, 'n_estimators': 36}",-915.7635638210613,-1209.0172542805276,-2326.0222893301348,-2401.645708072184,-1713.1275343172958,-1713.1152699642407,589.8497658633444,80
219,0.30871129035949707,0.07794191269940406,0.015471601486206054,0.005946421668301914,12,74,2,38,"{'max_features': 12, 'max_samples': 74, 'min_samples_leaf': 2, 'n_estimators': 38}",-937.5680278836392,-1129.9889425103859,-2333.2057336885327,-2339.3003817449953,-1713.9045925560556,-1690.7935356767216,585.7711395773049,30
220,0.36956372261047366,0.04256590684527957,0.017708587646484374,0.0033384103096761797,12,74,2,40,"{'max_features': 12, 'max_samples': 74, 'min_samples_leaf': 2, 'n_estimators': 40}",-960.609126761978,-1122.6198161400505,-2306.668001504607,-2341.5602602534227,-1677.0488729807955,-1681.7012155281707,575.9452922619624,15
221,0.4783203601837158,0.06968217974627346,0.022552061080932616,0.020118042222349666,12,74,2,42,"{'max_features': 12, 'max_samples': 74, 'min_samples_leaf': 2, 'n_estimators': 42}",-923.7673499335648,-1095.6250967890323,-2278.24406999178,-2333.9825304609176,-1673.7733515043396,-1661.078479735927,582.6181626869688,3
222,0.5100929737091064,0.0491580797026655,0.056635570526123044,0.05159397588193117,12,74,2,44,"{'max_features': 12, 'max_samples': 74, 'min_samples_leaf': 2, 'n_estimators': 44}",-945.9383234204076,-1147.5671125039867,-2302.9226377287505,-2320.178987026605,-1669.2180227783756,-1677.165016691625,569.2572596140609,9
223,0.40567741394042967,0.12179355026186596,0.024533176422119142,0.01719956521713918,12,74,2,46,"{'max_features': 12, 'max_samples': 74, 'min_samples_leaf': 2, 'n_estimators': 46}",-946.0962795680995,-1171.8917161600405,-2302.3129983042013,-2352.6499615744333,-1668.0622891698233,-1688.2026489553195,572.0710147045504,27
224,0.4061405181884766,0.10923098274942772,0.019602346420288085,0.0042695225234022725,12,74,2,48,"{'max_features': 12, 'max_samples': 74, 'min_samples_leaf': 2, 'n_estimators': 48}",-934.037724307359,-1197.3216208023928,-2297.8121814263322,-2322.739521558458,-1685.5560388462677,-1687.4934173881618,562.848866329182,24
225,0.24532794952392578,0.09369050598379229,0.01856064796447754,0.016037603528171834,12,75,2,20,"{'max_features': 12, 'max_samples': 75, 'min_samples_leaf': 2, 'n_estimators': 20}",-866.7446166170115,-1116.23286864676,-2397.764438142045,-2384.1488810742258,-1794.586641898551,-1711.8954892757185,632.1823502275308,76
226,0.20081229209899903,0.06483966843960082,0.010599946975708008,0.0015723539507717125,12,75,2,22,"{'max_features': 12, 'max_samples': 75, 'min_samples_leaf': 2, 'n_estimators': 22}",-859.9731835608778,-1107.547873091919,-2384.784709010482,-2313.174895398265,-1774.0513924949641,-1687.9064107113015,617.4642433820802,25
227,0.19213976860046386,0.031557419892563644,0.026056432723999025,0.019083509315437314,12,75,2,24,"{'max_features': 12, 'max_samples': 75, 'min_samples_leaf': 2, 'n_estimators': 24}",-870.1908999086276,-1237.5909104020338,-2384.4762626417187,-2395.40068058184,-1742.556273701824,-1726.0430054472085,608.7552899447695,115
228,0.2007056713104248,0.03538222836197605,0.016415977478027345,0.009053458741406865,12,75,2,26,"{'max_features': 12, 'max_samples': 75, 'min_samples_leaf': 2, 'n_estimators': 26}",-912.048734271814,-1244.8406946322025,-2333.7485258585357,-2355.2285114485067,-1693.909043149421,-1707.9551018720958,575.9721292206451,66
229,0.31639981269836426,0.06422537742147959,0.020320701599121093,0.016207096100151388,12,75,2,28,"{'max_features': 12, 'max_samples': 75, 'min_samples_leaf': 2, 'n_estimators': 28}",-952.4643452994829,-1213.6639007074014,-2353.484157265615,-2313.514825171836,-1701.7906347280782,-1706.9835726344827,565.4261571532528,65
230,0.3055089473724365,0.040364039845351606,0.02177271842956543,0.013804078921547619,12,75,2,30,"{'max_features': 12, 'max_samples': 75, 'min_samples_leaf': 2, 'n_estimators': 30}",-949.5107864520393,-1186.297266753129,-2342.371018670406,-2347.581993741809,-1717.8224874028099,-1708.7167106040386,576.032161928805,69
231,0.40714755058288576,0.11033533222973267,0.022516441345214844,0.012729267766767909,12,75,2,32,"{'max_features': 12, 'max_samples': 75, 'min_samples_leaf': 2, 'n_estimators': 32}",-954.9695119981628,-1182.2075677300784,-2336.3898012983,-2451.3792726645893,-1662.0241517950697,-1717.39406109724,598.7773575869958,92
232,0.3719306945800781,0.05719265450592543,0.01814441680908203,0.007756792239410764,12,75,2,34,"{'max_features': 12, 'max_samples': 75, 'min_samples_leaf': 2, 'n_estimators': 34}",-920.0623500260368,-1193.457222223091,-2292.989005933157,-2397.5735219153894,-1677.0289111822017,-1696.2222022559752,583.710444542907,39
233,0.37193737030029295,0.056081076795184245,0.02744011878967285,0.020177235083654446,12,75,2,36,"{'max_features': 12, 'max_samples': 75, 'min_samples_leaf': 2, 'n_estimators': 36}",-899.9559903611391,-1181.197870291787,-2285.9927510814555,-2412.002049857576,-1710.5345681438284,-1697.9366459471573,593.2369139637967,42
234,0.3468783855438232,0.05798145207958559,0.018143701553344726,0.0035326508377655596,12,75,2,38,"{'max_features': 12, 'max_samples': 75, 'min_samples_leaf': 2, 'n_estimators': 38}",-920.3526660379875,-1140.8423765663013,-2296.269205553511,-2354.3667719455602,-1709.3474120869985,-1684.2356864380715,583.6239983273981,20
235,0.3115121364593506,0.07936960084740736,0.01864633560180664,0.00814463184335028,12,75,2,40,"{'max_features': 12, 'max_samples': 75, 'min_samples_leaf': 2, 'n_estimators': 40}",-941.9197495801021,-1133.714382470704,-2279.0710030627843,-2353.3913200921515,-1674.30008890953,-1676.4793088230545,575.4133959719719,8
236,0.3960672378540039,0.06524818349796974,0.020987224578857423,0.010566272117936816,12,75,2,42,"{'max_features': 12, 'max_samples': 75, 'min_samples_leaf': 2, 'n_estimators': 42}",-907.9875579998309,-1108.9869242345608,-2252.2653592944057,-2345.815054708863,-1670.7184909719836,-1657.1546774419287,581.4349618692393,1
237,0.35246896743774414,0.07135777444085532,0.03180475234985351,0.03662932102334037,12,75,2,44,"{'max_features': 12, 'max_samples': 75, 'min_samples_leaf': 2, 'n_estimators': 44}",-931.3424808049976,-1159.010616310765,-2247.7271304135825,-2335.6130996665643,-1657.6410649732195,-1666.2668784338257,562.7819433602896,4
238,0.3500873565673828,0.06809147646816711,0.013116979598999023,0.0025339734901431263,12,75,2,46,"{'max_features': 12, 'max_samples': 75, 'min_samples_leaf': 2, 'n_estimators': 46}",-930.6838945744728,-1180.886280192221,-2260.880373949719,-2368.7498092448322,-1658.1501703390957,-1679.870105660068,569.7130453866594,12
239,0.3108521938323975,0.01875851550237118,0.016248369216918947,0.0034012394819447674,12,75,2,48,"{'max_features': 12, 'max_samples': 75, 'min_samples_leaf': 2, 'n_estimators': 48}",-927.0133551308534,-1206.6743237079847,-2258.0901623071654,-2339.678450126357,-1666.5740634169483,-1679.6060709378621,558.6715414943967,11
240,0.19246716499328614,0.044744211897225356,0.007793045043945313,0.0028427308427708595,12,76,2,20,"{'max_features': 12, 'max_samples': 76, 'min_samples_leaf': 2, 'n_estimators': 20}",-849.0614321668332,-1116.1152499551483,-2495.9716257072528,-2511.5250089000615,-1710.8968211783758,-1736.7140275815345,685.6443186037053,146
241,0.16754608154296874,0.011837628805825087,0.016889095306396484,0.012728197400522034,12,76,2,22,"{'max_features': 12, 'max_samples': 76, 'min_samples_leaf': 2, 'n_estimators': 22}",-802.7563409514971,-1125.2718589938363,-2479.903597850988,-2392.8415543404026,-1708.2808217639995,-1701.810834780145,666.8867726271034,52
242,0.16559414863586425,0.007677037418742634,0.009701347351074219,0.003913475042689543,12,76,2,24,"{'max_features': 12, 'max_samples': 76, 'min_samples_leaf': 2, 'n_estimators': 24}",-811.6263115955326,-1290.2044420515285,-2495.224263011154,-2460.660768256392,-1695.4992011918598,-1750.6429972212936,656.555151340971,183
243,0.15307869911193847,0.006373155013293514,0.0059356689453125,0.0029984697069799448,12,76,2,26,"{'max_features': 12, 'max_samples': 76, 'min_samples_leaf': 2, 'n_estimators': 26}",-861.7657827930186,-1288.3396050112553,-2437.176578715591,-2471.6119707431667,-1641.6857970016754,-1740.1159468529415,633.4460238428618,154
244,0.16480350494384766,0.019970285944714453,0.011754608154296875,0.003887347543068574,12,76,2,28,"{'max_features': 12, 'max_samples': 76, 'min_samples_leaf': 2, 'n_estimators': 28}",-894.4397194127005,-1257.425570174793,-2463.8107136848525,-2423.7103877444033,-1651.4480372401692,-1738.1668856513836,624.0251213773557,150
245,0.197306489944458,0.02887501666008884,0.013989686965942383,0.004453318488926745,12,76,2,30,"{'max_features': 12, 'max_samples': 76, 'min_samples_leaf': 2, 'n_estimators': 30}",-902.3540158639458,-1234.3019900159827,-2443.5407995159685,-2451.71724811044,-1675.1612043031248,-1741.4150515618924,626.5918013276788,158
246,0.2257692337036133,0.026434688520749393,0.015810823440551756,0.007582031680461025,12,76,2,32,"{'max_features': 12, 'max_samples': 76, 'min_samples_leaf': 2, 'n_estimators': 32}",-893.9358568277864,-1234.459132228973,-2431.7102820471946,-2522.706784925253,-1625.0617620485536,-1741.574763615552,644.311652532749,160
247,0.2532231330871582,0.03762653360820939,0.01485748291015625,0.0032449842213816207,12,76,2,34,"{'max_features': 12, 'max_samples': 76, 'min_samples_leaf': 2, 'n_estimators': 34}",-859.8465746332638,-1240.600735643507,-2374.241526728294,-2453.708347871089,-1643.79555097773,-1714.4385471707767,623.1693115245803,84
248,0.2581395149230957,0.04572076691284929,0.015665054321289062,0.00902839581734117,12,76,2,36,"{'max_features': 12, 'max_samples': 76, 'min_samples_leaf': 2, 'n_estimators': 36}",-847.6468713574246,-1230.769079414486,-2369.5339374419164,-2424.464809438906,-1670.5747940045428,-1708.597898331455,619.7265025334041,68
249,0.2862723350524902,0.05433214611973911,0.017521238327026366,0.002940173917799217,12,76,2,38,"{'max_features': 12, 'max_samples': 76, 'min_samples_leaf': 2, 'n_estimators': 38}",-871.4099743826612,-1190.3432831619934,-2371.721478886449,-2365.438867512481,-1664.9512473494171,-1692.7729702586007,606.8438508269282,35
250,0.3207296848297119,0.07625350628025401,0.016082382202148436,0.004990587121042299,12,76,2,40,"{'max_features': 12, 'max_samples': 76, 'min_samples_leaf': 2, 'n_estimators': 40}",-896.7663109557086,-1179.7124395385367,-2345.999377605477,-2365.8372402182117,-1636.4497237074484,-1684.9530184050764,596.5642480833025,22
251,0.3805563926696777,0.08260168271933177,0.023943233489990234,0.00877361602349219,12,76,2,42,"{'max_features': 12, 'max_samples': 76, 'min_samples_leaf': 2, 'n_estimators': 42}",-870.0719394907397,-1155.6747896195716,-2316.337851148955,-2356.8340300765167,-1637.410728087299,-1667.2658676846163,599.1550066498963,5
252,0.42241244316101073,0.11158097644116798,0.02399606704711914,0.005329574566249449,12,76,2,44,"{'max_features': 12, 'max_samples': 76, 'min_samples_leaf': 2, 'n_estimators': 44}",-891.7411730502621,-1210.3998728692084,-2309.6341577699236,-2356.195235883096,-1625.5234917157447,-1678.6987862576468,582.8403986505907,10
253,0.5168890476226806,0.08676538666084788,0.02627558708190918,0.006763724247830058,12,76,2,46,"{'max_features': 12, 'max_samples': 76, 'min_samples_leaf': 2, 'n_estimators': 46}",-896.7777040447103,-1230.5021184959944,-2306.1516930665,-2388.9103916776685,-1627.160403501854,-1689.9004621573454,585.2191595838495,28
254,0.5082841396331788,0.09947588043051413,0.020605707168579103,0.0016794911870088968,12,76,2,48,"{'max_features': 12, 'max_samples': 76, 'min_samples_leaf': 2, 'n_estimators': 48}",-899.7780354949011,-1256.739268919047,-2304.38801111817,-2357.5038743123864,-1644.1992913385434,-1692.5216962366096,572.2351920085359,34
255,0.21551332473754883,0.028545161378181666,0.01861562728881836,0.013020126767009334,12,77,2,20,"{'max_features': 12, 'max_samples': 77, 'min_samples_leaf': 2, 'n_estimators': 20}",-804.2003725240778,-996.4555472038858,-2578.7210752569417,-2424.796931760796,-1770.0724905374377,-1714.8492834566277,720.9328315274603,85
256,0.23558473587036133,0.047592219996252044,0.017101001739501954,0.009484042727794295,12,77,2,22,"{'max_features': 12, 'max_samples': 77, 'min_samples_leaf': 2, 'n_estimators': 22}",-774.4429471046917,-1009.5799267934005,-2553.9127550946764,-2316.2232716686235,-1766.184070649042,-1684.068594262087,699.3347027388195,19
257,0.1852205753326416,0.011780169157547551,0.01776566505432129,0.0066440859097442176,12,77,2,24,"{'max_features': 12, 'max_samples': 77, 'min_samples_leaf': 2, 'n_estimators': 24}",-787.7867305190672,-1161.669043935039,-2542.6204245997806,-2403.030023624136,-1770.6375262460556,-1733.1487497848157,682.0101353201808,138
258,0.20135645866394042,0.013092033060868665,0.014887380599975585,0.005858661769942195,12,77,2,26,"{'max_features': 12, 'max_samples': 77, 'min_samples_leaf': 2, 'n_estimators': 26}",-834.3662967951807,-1164.6900654609578,-2472.488992680938,-2429.6177943474695,-1748.894953369473,-1730.0116205308036,657.7000887049563,123
259,0.2103628158569336,0.006716130466137992,0.013924074172973634,0.0063686313929736576,12,77,2,28,"{'max_features': 12, 'max_samples': 77, 'min_samples_leaf': 2, 'n_estimators': 28}",-865.438639635206,-1145.4519993431632,-2487.0901629861473,-2388.2109104282185,-1752.3507920382485,-1727.708500886197,647.466312864022,118
260,0.25756020545959474,0.03219275624645205,0.0178281307220459,0.00472498598029964,12,77,2,30,"{'max_features': 12, 'max_samples': 77, 'min_samples_leaf': 2, 'n_estimators': 30}",-875.2342820502784,-1127.3630834257403,-2472.346424891239,-2434.044077397725,-1769.3156766192405,-1735.6607088768446,654.5131729111247,144
261,0.28949508666992185,0.02228210044198319,0.012822866439819336,0.0043938322445759735,12,77,2,32,"{'max_features': 12, 'max_samples': 77, 'min_samples_leaf': 2, 'n_estimators': 32}",-884.8581919315042,-1147.366612856439,-2479.213807643949,-2467.3550995584837,-1723.0130735200012,-1740.3613571020753,657.0011020547171,156
262,0.2862257480621338,0.02485857913534932,0.02378954887390137,0.002826681273009747,12,77,2,34,"{'max_features': 12, 'max_samples': 77, 'min_samples_leaf': 2, 'n_estimators': 34}",-882.5763538345102,-1158.932563537553,-2424.397582324078,-2417.8746786946417,-1734.9447629595875,-1723.745188270074,632.3659172230628,108
263,0.33944063186645507,0.03799060852449782,0.03325686454772949,0.011602226826399668,12,77,2,36,"{'max_features': 12, 'max_samples': 77, 'min_samples_leaf': 2, 'n_estimators': 36}",-870.3999571254404,-1156.840958640963,-2417.1330790896363,-2393.2091740496835,-1757.3313012588121,-1718.9828940329069,629.2156886527023,96
264,0.39622802734375,0.05642277570634939,0.024050331115722655,0.019035603312987197,12,77,2,38,"{'max_features': 12, 'max_samples': 77, 'min_samples_leaf': 2, 'n_estimators': 38}",-889.4654115151407,-1120.3779878776995,-2422.959580469458,-2328.777306462604,-1763.8209500400596,-1705.0802472729924,618.8543481764038,60
265,0.4520240783691406,0.14296108183718792,0.020394515991210938,0.013580832284621836,12,77,2,40,"{'max_features': 12, 'max_samples': 77, 'min_samples_leaf': 2, 'n_estimators': 40}",-909.9292757731309,-1114.231440842828,-2396.8695583754534,-2330.68789666131,-1721.9291546810189,-1694.7294652667483,608.4526199641278,36
266,0.43675780296325684,0.11874641139567049,0.02580714225769043,0.023319169006170443,12,77,2,42,"{'max_features': 12, 'max_samples': 77, 'min_samples_leaf': 2, 'n_estimators': 42}",-881.3708405545307,-1092.0154453559412,-2365.2870600783504,-2323.7115917863657,-1719.189330453629,-1676.3148536457634,611.389440705457,7
267,0.5141901969909668,0.08314503904327969,0.017000246047973632,0.00656550775786205,12,77,2,44,"{'max_features': 12, 'max_samples': 77, 'min_samples_leaf': 2, 'n_estimators': 44}",-901.1371534988182,-1143.35035056264,-2356.5559256329816,-2316.65121636678,-1705.8557152761346,-1684.7100722674709,592.9975490371241,21
268,0.4863154888153076,0.10709613822295055,0.018180322647094727,0.008515736702791194,12,77,2,46,"{'max_features': 12, 'max_samples': 77, 'min_samples_leaf': 2, 'n_estimators': 46}",-907.157553347316,-1166.9972765038956,-2356.980304861881,-2368.5868187403644,-1701.1810062870288,-1700.1805919480971,598.5522091425009,50
269,0.5205433368682861,0.09574201627142473,0.019730138778686523,0.0062297995759902245,12,77,2,48,"{'max_features': 12, 'max_samples': 77, 'min_samples_leaf': 2, 'n_estimators': 48}",-892.9792478262596,-1200.2788106026305,-2353.468787885138,-2330.946534010708,-1713.6771720991062,-1698.2701104847686,587.5867339448607,43
270,0.15618634223937988,0.019558098071166548,0.004811429977416992,0.004819005177496051,12,78,2,20,"{'max_features': 12, 'max_samples': 78, 'min_samples_leaf': 2, 'n_estimators': 20}",-812.5966440945124,-1018.514497787714,-2416.0419565709853,-2408.1800172397425,-1744.8275027649438,-1680.0321236915795,673.224799122602,13
271,0.18846797943115234,0.02771196921590649,0.011719703674316406,0.004350225151442319,12,78,2,22,"{'max_features': 12, 'max_samples': 78, 'min_samples_leaf': 2, 'n_estimators': 22}",-808.184988280713,-1033.3371098657594,-2403.5577278521682,-2311.506465812594,-1746.596122987503,-1660.6364829597474,648.5569866510884,2
272,0.20283141136169433,0.005866201695257723,0.012076616287231445,0.0043672504209260835,12,78,2,24,"{'max_features': 12, 'max_samples': 78, 'min_samples_leaf': 2, 'n_estimators': 24}",-826.2161302463221,-1192.0837782915316,-2405.293538857475,-2319.480341163554,-1754.1635782972724,-1699.4474733712311,617.3498481645751,45
273,0.22733964920043945,0.018481302929092606,0.016077852249145506,0.005342018578940129,12,78,2,26,"{'max_features': 12, 'max_samples': 78, 'min_samples_leaf': 2, 'n_estimators': 26}",-844.6907487316821,-1186.726375235086,-2340.531427345776,-2352.4509408237755,-1731.8406395876252,-1691.2480263447887,605.2449603092905,31
274,0.24520859718322754,0.04050092198364466,0.012688112258911134,0.004763609826977844,12,78,2,28,"{'max_features': 12, 'max_samples': 78, 'min_samples_leaf': 2, 'n_estimators': 28}",-881.2728627351969,-1166.4448509459069,-2372.627834239397,-2331.1805515322912,-1707.65395697148,-1691.8360112848543,600.9222318904103,33
275,0.20645127296447754,0.023739956016363157,0.01561269760131836,0.006489013741802086,12,78,2,30,"{'max_features': 12, 'max_samples': 78, 'min_samples_leaf': 2, 'n_estimators': 30}",-887.7278412497501,-1155.20560013089,-2382.5104776507433,-2352.768176232335,-1721.822075859541,-1700.0068342246518,608.1101947468989,48
276,0.19665904045104982,0.02047046884767651,0.00814366340637207,0.005328163612864784,12,78,2,32,"{'max_features': 12, 'max_samples': 78, 'min_samples_leaf': 2, 'n_estimators': 32}",-897.2176961427464,-1173.9654760669855,-2397.155096312477,-2428.6476743327094,-1662.160843087695,-1711.8293571885224,622.7128620349966,75
277,0.23174891471862794,0.008466150146596517,0.012301015853881835,0.005012465129573883,12,78,2,34,"{'max_features': 12, 'max_samples': 78, 'min_samples_leaf': 2, 'n_estimators': 34}",-907.126284489001,-1214.6793029845326,-2348.863415196539,-2380.001888978117,-1700.744798943033,-1710.2831381182446,591.114717863088,72
278,0.25119571685791015,0.017046993397141993,0.01222090721130371,0.0016162542691920002,12,78,2,36,"{'max_features': 12, 'max_samples': 78, 'min_samples_leaf': 2, 'n_estimators': 36}",-885.2450760723999,-1238.1406779290965,-2345.7117384501585,-2412.055312062087,-1724.6365181093474,-1721.157864524618,599.9124465994297,100
279,0.2714716911315918,0.016989456881660273,0.01512613296508789,0.0037451947042333863,12,78,2,38,"{'max_features': 12, 'max_samples': 78, 'min_samples_leaf': 2, 'n_estimators': 38}",-887.1398213868048,-1194.5765699617662,-2354.9944918931537,-2346.144691997276,-1731.758826737463,-1702.922880395293,593.9160156015374,56
280,0.28943777084350586,0.01759058508961475,0.015016126632690429,0.005069198632296632,12,78,2,40,"{'max_features': 12, 'max_samples': 78, 'min_samples_leaf': 2, 'n_estimators': 40}",-900.7100104027134,-1185.8769726986739,-2363.079043571189,-2343.4493949626944,-1695.1109650947988,-1697.6452773460137,592.7704607420092,40
281,0.2994650363922119,0.01154352469847109,0.016888856887817383,0.0030167176018103536,12,78,2,42,"{'max_features': 12, 'max_samples': 78, 'min_samples_leaf': 2, 'n_estimators': 42}",-893.1835140748842,-1162.593804339694,-2320.826397268351,-2349.565768384005,-1689.7735150508906,-1683.1885998235648,590.8994549347784,17
282,0.29098973274230955,0.0148366679988679,0.01671633720397949,0.0030066985277087625,12,78,2,44,"{'max_features': 12, 'max_samples': 78, 'min_samples_leaf': 2, 'n_estimators': 44}",-911.4667563346908,-1216.6183706793747,-2313.172845994541,-2337.876926597347,-1677.9423619875408,-1691.415452318699,572.438373203709,32
283,0.2904983043670654,0.03103774469332078,0.01763887405395508,0.00733379773002536,12,78,2,46,"{'max_features': 12, 'max_samples': 78, 'min_samples_leaf': 2, 'n_estimators': 46}",-920.376680319317,-1237.3842183462612,-2315.6323984141727,-2385.013704992238,-1675.8790640505017,-1706.8572132244979,577.9999343796601,64
284,0.3112015247344971,0.0332736436629423,0.017908906936645506,0.004687332904655166,12,78,2,48,"{'max_features': 12, 'max_samples': 78, 'min_samples_leaf': 2, 'n_estimators': 48}",-914.3111889316984,-1272.7769176445568,-2315.825676306421,-2341.9467519329987,-1688.1345360749413,-1706.5990141781233,564.1075110551775,62
285,0.12154784202575683,0.01566030254839942,0.008082818984985352,0.004382810704802325,12,79,2,20,"{'max_features': 12, 'max_samples': 79, 'min_samples_leaf': 2, 'n_estimators': 20}",-815.4449956077708,-1082.4238941395433,-2407.4368416788884,-2452.6260407714053,-1742.7465897979662,-1700.1356723991146,668.2182014044964,49
286,0.14895005226135255,0.005672292555111641,0.009777402877807618,0.003161384809462199,12,79,2,22,"{'max_features': 12, 'max_samples': 79, 'min_samples_leaf': 2, 'n_estimators': 22}",-827.7635960970177,-1083.9813034031474,-2403.787263103431,-2351.9917132846736,-1736.8359065103764,-1680.871956479729,641.9053759726379,14
287,0.15025973320007324,0.008544276048903126,0.019484758377075195,0.013805789639814447,12,79,2,24,"{'max_features': 12, 'max_samples': 79, 'min_samples_leaf': 2, 'n_estimators': 24}",-828.8305729693202,-1226.923606073887,-2413.705817445964,-2358.2005015099357,-1761.847287110104,-1717.901557021842,620.8967864840482,95
288,0.18492112159729004,0.026723206971812928,0.010503005981445313,0.002783683552034456,12,79,2,26,"{'max_features': 12, 'max_samples': 79, 'min_samples_leaf': 2, 'n_estimators': 26}",-858.6827235580555,-1209.6200476269935,-2343.523818316637,-2397.7984945980156,-1740.5317872969524,-1710.0313742793307,608.3539404926953,71
289,0.20341825485229492,0.021180065338549475,0.011571836471557618,0.004107874531934807,12,79,2,28,"{'max_features': 12, 'max_samples': 79, 'min_samples_leaf': 2, 'n_estimators': 28}",-908.2050417513834,-1185.8698416024656,-2365.1990575329123,-2359.4771008158964,-1714.383582420704,-1706.6269248246724,594.7530941668334,63
290,0.1759049415588379,0.00622466465507777,0.015162324905395508,0.0038771636916208984,12,79,2,30,"{'max_features': 12, 'max_samples': 79, 'min_samples_leaf': 2, 'n_estimators': 30}",-924.2892661577987,-1182.7320821410055,-2379.024999750547,-2391.3155619634726,-1725.0818541843837,-1720.4887528394415,601.1348521568245,97
291,0.21602997779846192,0.005854578162203476,0.015002059936523437,0.005416769032643303,12,79,2,32,"{'max_features': 12, 'max_samples': 79, 'min_samples_leaf': 2, 'n_estimators': 32}",-923.279623710631,-1193.6870464631397,-2392.812936085521,-2432.985467094816,-1701.1943128833323,-1728.7918772474882,612.0067605260672,119
292,0.24748773574829103,0.01299228157368337,0.016357898712158203,0.004637196932876457,12,79,2,34,"{'max_features': 12, 'max_samples': 79, 'min_samples_leaf': 2, 'n_estimators': 34}",-919.8728107163133,-1238.81298982008,-2344.8934354445255,-2386.816043690709,-1734.8200841041223,-1725.0430727551498,584.2897177874481,111
293,0.24607577323913574,0.005320361158945664,0.015782642364501952,0.002712635709970496,12,79,2,36,"{'max_features': 12, 'max_samples': 79, 'min_samples_leaf': 2, 'n_estimators': 36}",-900.8463434092253,-1263.037594295433,-2335.4461275473614,-2447.753516131859,-1747.4164174433336,-1738.8999997654423,597.8615357218473,152
294,0.27109403610229493,0.016406994161692653,0.01649622917175293,0.0047790978606063305,12,79,2,38,"{'max_features': 12, 'max_samples': 79, 'min_samples_leaf': 2, 'n_estimators': 38}",-904.7123186088509,-1221.9975204162524,-2344.8687034440673,-2378.3830919447196,-1736.157270847547,-1717.2237810522874,589.3814021234956,91
295,0.2964287757873535,0.014825854440821983,0.016233491897583007,0.010007922610326396,12,79,2,40,"{'max_features': 12, 'max_samples': 79, 'min_samples_leaf': 2, 'n_estimators': 40}",-929.2009904225267,-1207.4063252410283,-2354.5202520228368,-2363.799991984076,-1708.1564139921943,-1712.6167947325325,583.9653141731717,79
296,0.29839673042297366,0.010922800113005685,0.016912174224853516,0.003098207739505048,12,79,2,42,"{'max_features': 12, 'max_samples': 79, 'min_samples_leaf': 2, 'n_estimators': 42}",-920.9746916777242,-1187.21604286813,-2317.2326854195753,-2376.8512732550394,-1708.3826311235237,-1702.1314648687985,584.6330822914118,53
297,0.30061845779418944,0.019395831272962676,0.01367182731628418,0.005462176383291993,12,79,2,44,"{'max_features': 12, 'max_samples': 79, 'min_samples_leaf': 2, 'n_estimators': 44}",-943.2589454135175,-1226.1875209406735,-2312.9813674566662,-2376.674646852226,-1694.7472820199412,-1710.769952536605,571.0057189220805,73
298,0.31655049324035645,0.014703774012249964,0.019054651260375977,0.0015163784727511656,12,79,2,46,"{'max_features': 12, 'max_samples': 79, 'min_samples_leaf': 2, 'n_estimators': 46}",-945.4683802294621,-1245.9829888379038,-2312.410303570486,-2409.8085503051107,-1693.2584118369632,-1721.3857269559849,574.8186969971371,101
299,0.29282212257385254,0.03332982746513004,0.012220191955566406,0.002058182325975368,12,79,2,48,"{'max_features': 12, 'max_samples': 79, 'min_samples_leaf': 2, 'n_estimators': 48}",-940.0110605544074,-1290.2909762919146,-2312.7695569055663,-2349.9680758022946,-1714.310954219837,-1721.4701247548041,555.2098114669081,102
